{"stats":{"minecraft:broken":{"minecraft:stone_pickaxe":1,"minecraft:stone_axe":1},"minecraft:crafted":{"minecraft:oak_door":3,"minecraft:smooth_stone":3,"minecraft:oak_planks":324,"minecraft:stone_shovel":2,"minecraft:leather_boots":1,"minecraft:cooked_chicken":5,"minecraft:furnace":3,"minecraft:blast_furnace":1,"minecraft:stone":3,"minecraft:cobblestone_stairs":8,"minecraft:spruce_fence":9,"minecraft:spruce_pressure_plate":2,"minecraft:cooked_mutton":8,"minecraft:spruce_stairs":4,"minecraft:bow":1,"minecraft:spruce_slab":6,"minecraft:stone_pickaxe":4,"minecraft:chest":4,"minecraft:spruce_boat":1,"minecraft:oak_fence":90,"minecraft:cooked_beef":7,"minecraft:oak_slab":84,"minecraft:item_frame":1,"minecraft:cooked_porkchop":2,"minecraft:crafting_table":4,"minecraft:spruce_planks":80,"minecraft:wooden_pickaxe":1,"minecraft:iron_sword":2,"minecraft:spruce_door":6,"minecraft:bucket":1,"minecraft:birch_planks":12,"minecraft:stone_axe":1,"minecraft:air":0,"minecraft:oak_boat":3,"minecraft:spruce_trapdoor":4,"minecraft:shield":2,"minecraft:white_dye":3,"minecraft:iron_ingot":52,"minecraft:stick":224,"minecraft:leather_chestplate":1,"minecraft:iron_pickaxe":2,"minecraft:wooden_axe":1,"minecraft:iron_block":2,"minecraft:stone_sword":3,"minecraft:iron_shovel":1,"minecraft:white_bed":2,"minecraft:torch":28},"minecraft:mined":{"minecraft:spruce_planks":9,"minecraft:white_bed":8,"minecraft:mossy_cobblestone":21,"minecraft:oak_door":1,"minecraft:cobblestone_stairs":1,"minecraft:stripped_birch_log":1,"minecraft:granite":13,"minecraft:grass_block":114,"minecraft:spruce_leaves":8,"minecraft:furnace":4,"minecraft:iron_ore":57,"minecraft:andesite":11,"minecraft:pumpkin":4,"minecraft:oak_stairs":6,"minecraft:stone":288,"minecraft:spruce_slab":5,"minecraft:oak_slab":1,"minecraft:lily_of_the_valley":3,"minecraft:spruce_door":2,"minecraft:oak_fence":18,"minecraft:crafting_table":9,"minecraft:torch":9,"minecraft:poppy":1,"minecraft:chest":3,"minecraft:copper_ore":8,"minecraft:cobblestone":88,"minecraft:sugar_cane":2,"minecraft:oak_planks":35,"minecraft:wall_torch":5,"minecraft:birch_log":10,"minecraft:sweet_berry_bush":5,"minecraft:spruce_log":21,"minecraft:birch_leaves":3,"minecraft:bee_nest":1,"minecraft:grass":260,"minecraft:oak_log":42,"minecraft:coal_ore":104,"minecraft:gravel":2,"minecraft:sand":1,"minecraft:dirt":33,"minecraft:oak_leaves":72,"minecraft:fern":2},"minecraft:killed_by":{"minecraft:creeper":1,"minecraft:skeleton":3},"minecraft:custom":{"minecraft:interact_with_anvil":5,"minecraft:mob_kills":62,"minecraft:animals_bred":3,"minecraft:interact_with_crafting_table":77,"minecraft:leave_game":3,"minecraft:time_since_death":210137,"minecraft:climb_one_cm":17720,"minecraft:sprint_one_cm":615892,"minecraft:walk_one_cm":1403510,"minecraft:damage_blocked_by_shield":1010,"minecraft:drop":46,"minecraft:play_time":349338,"minecraft:deaths":4,"minecraft:sneak_time":6331,"minecraft:walk_under_water_one_cm":11998,"minecraft:boat_one_cm":241421,"minecraft:jump":3877,"minecraft:interact_with_blast_furnace":7,"minecraft:walk_on_water_one_cm":25450,"minecraft:total_world_time":349338,"minecraft:interact_with_furnace":45,"minecraft:sleep_in_bed":14,"minecraft:time_since_rest":7918,"minecraft:damage_taken":3131,"minecraft:damage_dealt":10139,"minecraft:swim_one_cm":4779,"minecraft:fly_one_cm":337074,"minecraft:open_chest":54,"minecraft:crouch_one_cm":20995,"minecraft:interact_with_smoker":5,"minecraft:fall_one_cm":53480,"minecraft:horse_one_cm":603},"minecraft:killed":{"minecraft:spider":6,"minecraft:skeleton":13,"minecraft:bee":1,"minecraft:chicken":5,"minecraft:pig":5,"minecraft:sheep":6,"minecraft:pillager":2,"minecraft:zombie":12,"minecraft:enderman":3,"minecraft:cow":7},"minecraft:picked_up":{"minecraft:crafting_table":9,"minecraft:chicken":5,"minecraft:oak_stairs":5,"minecraft:shield":1,"minecraft:iron_axe":1,"minecraft:string":4,"minecraft:raw_copper":20,"minecraft:bucket":3,"minecraft:spruce_planks":142,"minecraft:beef":26,"minecraft:red_dye":1,"minecraft:cobblestone_slab":3,"minecraft:oak_boat":7,"minecraft:iron_pickaxe":1,"minecraft:spruce_slab":6,"minecraft:sugar_cane":4,"minecraft:chest":3,"minecraft:egg":7,"minecraft:furnace":6,"minecraft:stick":12,"minecraft:raw_iron":66,"minecraft:oak_door":1,"minecraft:oak_fence":23,"minecraft:torch":63,"minecraft:spruce_stairs":1,"minecraft:porkchop":10,"minecraft:stone_sword":13,"minecraft:arrow":48,"minecraft:rotten_flesh":11,"minecraft:stone_shovel":3,"minecraft:mutton":17,"minecraft:cod":4,"minecraft:white_wool":9,"minecraft:cobblestone":646,"minecraft:birch_log":24,"minecraft:leather_chestplate":5,"minecraft:feather":4,"minecraft:cooked_beef":29,"minecraft:water_bucket":1,"minecraft:andesite":10,"minecraft:leather":13,"minecraft:oak_log":180,"minecraft:cobblestone_stairs":1,"minecraft:stripped_birch_log":3,"minecraft:dirt":171,"minecraft:white_banner":1,"minecraft:bone":36,"minecraft:bow":5,"minecraft:wheat_seeds":40,"minecraft:iron_ingot":5,"minecraft:stone_pickaxe":7,"minecraft:cooked_chicken":13,"minecraft:iron_sword":1,"minecraft:oak_planks":216,"minecraft:oak_slab":1,"minecraft:pumpkin":6,"minecraft:sweet_berries":11,"minecraft:dandelion":1,"minecraft:gravel":5,"minecraft:spruce_door":2,"minecraft:spider_eye":1,"minecraft:spruce_sapling":2,"minecraft:ink_sac":2,"minecraft:white_bed":8,"minecraft:spruce_log":20,"minecraft:lily_of_the_valley":3,"minecraft:mossy_cobblestone":21,"minecraft:spruce_boat":5,"minecraft:stone_axe":4,"minecraft:granite":22,"minecraft:gray_wool":4,"minecraft:oak_sapling":14,"minecraft:coal":162,"minecraft:ender_pearl":3},"minecraft:used":{"minecraft:oak_fence":90,"minecraft:stone_sword":77,"minecraft:iron_shovel":125,"minecraft:spruce_slab":9,"minecraft:chest":7,"minecraft:spruce_planks":16,"minecraft:shield":30,"minecraft:iron_sword":180,"minecraft:rotten_flesh":9,"minecraft:cooked_chicken":5,"minecraft:oak_door":2,"minecraft:torch":76,"minecraft:dirt":15,"minecraft:spruce_stairs":1,"minecraft:spruce_fence":6,"minecraft:spruce_boat":5,"minecraft:wooden_axe":35,"minecraft:lava_bucket":1,"minecraft:iron_axe":32,"minecraft:item_frame":1,"minecraft:sweet_berries":7,"minecraft:furnace":6,"minecraft:egg":5,"minecraft:cooked_beef":17,"minecraft:cooked_mutton":6,"minecraft:water_bucket":6,"minecraft:cobblestone_stairs":9,"minecraft:spruce_door":4,"minecraft:stone_pickaxe":307,"minecraft:oak_planks":81,"minecraft:ender_pearl":1,"minecraft:wooden_pickaxe":18,"minecraft:mossy_cobblestone":16,"minecraft:oak_slab":85,"minecraft:crafting_table":12,"minecraft:blast_furnace":1,"minecraft:white_bed":10,"minecraft:cod":1,"minecraft:spruce_pressure_plate":2,"minecraft:iron_pickaxe":285,"minecraft:spruce_trapdoor":4,"minecraft:gravel":3,"minecraft:stone_axe":133,"minecraft:cobblestone":162,"minecraft:cooked_porkchop":2,"minecraft:andesite":5,"minecraft:bucket":8,"minecraft:oak_boat":6},"minecraft:dropped":{"minecraft:iron_ingot":3,"minecraft:iron_sword":1,"minecraft:wheat_seeds":1,"minecraft:cooked_beef":3,"minecraft:ender_pearl":1,"minecraft:mossy_cobblestone":1,"minecraft:feather":1,"minecraft:cobblestone":2,"minecraft:iron_block":2,"minecraft:dirt":129,"minecraft:gray_wool":2,"minecraft:ink_sac":1,"minecraft:mutton":2,"minecraft:birch_log":2,"minecraft:bone":1,"minecraft:furnace":1,"minecraft:stone_sword":1,"minecraft:raw_copper":20,"minecraft:stone_shovel":1,"minecraft:cooked_mutton":2,"minecraft:leather_chestplate":1,"minecraft:cobblestone_slab":3,"minecraft:shield":1,"minecraft:leather_boots":1,"minecraft:oak_boat":1,"minecraft:oak_sapling":2,"minecraft:white_dye":2,"minecraft:arrow":6,"minecraft:stone_pickaxe":1}},"DataVersion":2724}