{"stats":{"minecraft:broken":{"minecraft:iron_shovel":1,"minecraft:stone_pickaxe":1,"minecraft:stone_axe":1,"minecraft:iron_pickaxe":1},"minecraft:crafted":{"minecraft:oak_planks":336,"minecraft:smooth_stone":3,"minecraft:cooked_chicken":11,"minecraft:stone":199,"minecraft:cobblestone_stairs":8,"minecraft:cooked_mutton":8,"minecraft:spruce_pressure_plate":2,"minecraft:bow":1,"minecraft:iron_boots":1,"minecraft:chest":8,"minecraft:stone_bricks":156,"minecraft:oak_fence":90,"minecraft:oak_slab":84,"minecraft:item_frame":4,"minecraft:cooked_porkchop":2,"minecraft:crafting_table":5,"minecraft:spruce_planks":80,"minecraft:wooden_pickaxe":1,"minecraft:iron_helmet":1,"minecraft:spruce_door":6,"minecraft:birch_planks":40,"minecraft:spruce_trapdoor":4,"minecraft:shield":3,"minecraft:stick":224,"minecraft:light_blue_dye":10,"minecraft:leather_chestplate":1,"minecraft:iron_ingot":56,"minecraft:iron_pickaxe":3,"minecraft:iron_block":2,"minecraft:stone_sword":3,"minecraft:gold_ingot":18,"minecraft:oak_door":3,"minecraft:stone_shovel":2,"minecraft:leather_boots":1,"minecraft:iron_nugget":126,"minecraft:furnace":3,"minecraft:blast_furnace":1,"minecraft:bone_meal":6,"minecraft:spruce_fence":9,"minecraft:oak_trapdoor":2,"minecraft:glass_pane":16,"minecraft:lantern":11,"minecraft:spruce_stairs":4,"minecraft:spruce_slab":18,"minecraft:stone_pickaxe":4,"minecraft:spruce_boat":1,"minecraft:wheat":108,"minecraft:cooked_beef":7,"minecraft:iron_sword":4,"minecraft:blue_bed":1,"minecraft:bucket":2,"minecraft:stone_axe":1,"minecraft:bread":21,"minecraft:air":0,"minecraft:blue_dye":5,"minecraft:oak_boat":3,"minecraft:white_dye":3,"minecraft:wooden_axe":1,"minecraft:iron_shovel":1,"minecraft:white_bed":2,"minecraft:torch":36},"minecraft:mined":{"minecraft:spruce_planks":21,"minecraft:white_bed":28,"minecraft:cobblestone_stairs":1,"minecraft:potted_cactus":2,"minecraft:spruce_trapdoor":11,"minecraft:granite":13,"minecraft:grass_block":152,"minecraft:oxeye_daisy":1,"minecraft:smooth_stone":1,"minecraft:iron_ore":57,"minecraft:pumpkin":4,"minecraft:water_cauldron":1,"minecraft:dirt_path":1,"minecraft:oak_stairs":19,"minecraft:blue_orchid":10,"minecraft:spruce_slab":63,"minecraft:green_bed":1,"minecraft:torch":13,"minecraft:blast_furnace":2,"minecraft:poppy":9,"minecraft:chest":5,"minecraft:dead_bush":2,"minecraft:cobblestone":237,"minecraft:sugar_cane":2,"minecraft:oak_planks":37,"minecraft:damaged_anvil":2,"minecraft:wall_torch":7,"minecraft:seagrass":1,"minecraft:chain":7,"minecraft:birch_log":10,"minecraft:wheat":7,"minecraft:grass":358,"minecraft:oak_log":45,"minecraft:sand":81,"minecraft:dirt":87,"minecraft:oak_leaves":73,"minecraft:mossy_cobblestone":21,"minecraft:oak_door":2,"minecraft:stripped_birch_log":1,"minecraft:ladder":4,"minecraft:spruce_leaves":12,"minecraft:sandstone":9,"minecraft:hay_block":15,"minecraft:oak_trapdoor":1,"minecraft:furnace":5,"minecraft:andesite":11,"minecraft:gold_block":2,"minecraft:potatoes":1,"minecraft:cobblestone_slab":25,"minecraft:vine":1,"minecraft:lantern":10,"minecraft:stripped_oak_log":4,"minecraft:stone":288,"minecraft:oak_slab":1,"minecraft:glass_pane":15,"minecraft:lily_of_the_valley":3,"minecraft:spruce_door":5,"minecraft:dandelion":4,"minecraft:oak_fence":60,"minecraft:crafting_table":13,"minecraft:cornflower":5,"minecraft:tall_grass":10,"minecraft:copper_ore":8,"minecraft:spruce_stairs":5,"minecraft:lime_bed":3,"minecraft:coarse_dirt":4,"minecraft:sweet_berry_bush":5,"minecraft:spruce_log":21,"minecraft:birch_leaves":3,"minecraft:bee_nest":1,"minecraft:white_wall_banner":2,"minecraft:coal_ore":106,"minecraft:gravel":2,"minecraft:stone_bricks":6,"minecraft:fern":3},"minecraft:killed_by":{"minecraft:creeper":1,"minecraft:skeleton":3},"minecraft:custom":{"minecraft:animals_bred":12,"minecraft:interact_with_crafting_table":106,"minecraft:leave_game":9,"minecraft:time_since_death":66990,"minecraft:sprint_one_cm":1437148,"minecraft:damage_blocked_by_shield":1330,"minecraft:drop":149,"minecraft:talked_to_villager":5,"minecraft:play_time":758254,"minecraft:deaths":5,"minecraft:jump":6979,"minecraft:walk_on_water_one_cm":73114,"minecraft:interact_with_furnace":72,"minecraft:interact_with_cartography_table":1,"minecraft:sleep_in_bed":27,"minecraft:damage_dealt":15891,"minecraft:crouch_one_cm":55576,"minecraft:interact_with_smoker":5,"minecraft:use_cauldron":2,"minecraft:horse_one_cm":400692,"minecraft:mob_kills":93,"minecraft:interact_with_anvil":5,"minecraft:fill_cauldron":3,"minecraft:climb_one_cm":33009,"minecraft:walk_one_cm":3176947,"minecraft:raid_win":1,"minecraft:sneak_time":16232,"minecraft:walk_under_water_one_cm":46364,"minecraft:boat_one_cm":794229,"minecraft:interact_with_blast_furnace":9,"minecraft:total_world_time":758254,"minecraft:pot_flower":2,"minecraft:time_since_rest":67023,"minecraft:damage_taken":5656,"minecraft:swim_one_cm":63989,"minecraft:fly_one_cm":813578,"minecraft:open_chest":152,"minecraft:fall_one_cm":112570},"minecraft:killed":{"minecraft:spider":7,"minecraft:skeleton":17,"minecraft:bee":1,"minecraft:chicken":14,"minecraft:pig":8,"minecraft:creeper":1,"minecraft:sheep":10,"minecraft:pillager":4,"minecraft:zombie":18,"minecraft:cow":8,"minecraft:enderman":3},"minecraft:picked_up":{"minecraft:iron_chestplate":1,"minecraft:wheat":31,"minecraft:flower_pot":2,"minecraft:lead":5,"minecraft:oak_stairs":18,"minecraft:string":10,"minecraft:raw_copper":20,"minecraft:cooked_salmon":2,"minecraft:iron_leggings":1,"minecraft:smooth_stone":1,"minecraft:bucket":4,"minecraft:spruce_planks":150,"minecraft:red_dye":1,"minecraft:cobblestone_slab":47,"minecraft:iron_pickaxe":2,"minecraft:furnace":7,"minecraft:stick":33,"minecraft:oak_fence":64,"minecraft:torch":73,"minecraft:green_bed":1,"minecraft:spruce_stairs":4,"minecraft:porkchop":16,"minecraft:cauldron":1,"minecraft:stone_sword":13,"minecraft:cactus":2,"minecraft:rotten_flesh":30,"minecraft:cod":9,"minecraft:cobblestone":794,"minecraft:birch_log":24,"minecraft:leather_chestplate":5,"minecraft:feather":14,"minecraft:cooked_beef":29,"minecraft:water_bucket":2,"minecraft:andesite":10,"minecraft:potato":1,"minecraft:stripped_birch_log":3,"minecraft:dirt":350,"minecraft:lantern":15,"minecraft:glass":48,"minecraft:bone":36,"minecraft:bow":7,"minecraft:wheat_seeds":53,"minecraft:light_blue_dye":10,"minecraft:oak_planks":237,"minecraft:cooked_porkchop":7,"minecraft:sand":84,"minecraft:ink_sac":2,"minecraft:lily_of_the_valley":3,"minecraft:mossy_cobblestone":21,"minecraft:spruce_boat":5,"minecraft:granite":22,"minecraft:oak_sapling":16,"minecraft:crafting_table":13,"minecraft:coarse_dirt":3,"minecraft:chicken":13,"minecraft:ladder":7,"minecraft:gold_block":2,"minecraft:chain":13,"minecraft:shield":3,"minecraft:cornflower":5,"minecraft:oak_trapdoor":1,"minecraft:iron_axe":2,"minecraft:item_frame":1,"minecraft:glass_pane":55,"minecraft:blue_orchid":10,"minecraft:beef":32,"minecraft:oak_boat":20,"minecraft:iron_nugget":3,"minecraft:poppy":8,"minecraft:spruce_slab":87,"minecraft:light_gray_wool":1,"minecraft:chest":5,"minecraft:sugar_cane":4,"minecraft:spruce_trapdoor":11,"minecraft:egg":61,"minecraft:raw_iron":66,"minecraft:oak_door":2,"minecraft:cooked_cod":4,"minecraft:stone_shovel":3,"minecraft:arrow":74,"minecraft:hay_block":12,"minecraft:gold_ingot":20,"minecraft:mutton":22,"minecraft:white_wool":14,"minecraft:oxeye_daisy":1,"minecraft:stripped_oak_log":4,"minecraft:lime_bed":3,"minecraft:leather":13,"minecraft:oak_log":183,"minecraft:lily_pad":2,"minecraft:golden_boots":1,"minecraft:cobblestone_stairs":1,"minecraft:paper":9,"minecraft:white_banner":3,"minecraft:stone_bricks":4,"minecraft:heart_of_the_sea":1,"minecraft:iron_ingot":36,"minecraft:stone_pickaxe":7,"minecraft:cooked_chicken":15,"minecraft:iron_sword":3,"minecraft:oak_slab":1,"minecraft:pumpkin":6,"minecraft:sweet_berries":11,"minecraft:dandelion":8,"minecraft:gravel":5,"minecraft:spruce_sapling":2,"minecraft:blast_furnace":2,"minecraft:white_bed":29,"minecraft:spruce_log":22,"minecraft:spruce_door":6,"minecraft:spider_eye":1,"minecraft:stone_axe":4,"minecraft:iron_helmet":1,"minecraft:painting":9,"minecraft:gray_wool":4,"minecraft:damaged_anvil":3,"minecraft:black_wool":2,"minecraft:coal":218,"minecraft:ender_pearl":4},"minecraft:used":{"minecraft:iron_shovel":262,"minecraft:spruce_slab":101,"minecraft:chest":13,"minecraft:shield":39,"minecraft:iron_sword":359,"minecraft:rotten_flesh":21,"minecraft:spruce_boat":5,"minecraft:lava_bucket":2,"minecraft:lantern":24,"minecraft:stone_bricks":141,"minecraft:item_frame":5,"minecraft:bow":31,"minecraft:sweet_berries":7,"minecraft:furnace":7,"minecraft:egg":107,"minecraft:damaged_anvil":2,"minecraft:spruce_door":11,"minecraft:stone_pickaxe":377,"minecraft:oak_planks":87,"minecraft:ender_pearl":1,"minecraft:wooden_pickaxe":18,"minecraft:blue_bed":1,"minecraft:sand":1,"minecraft:blast_furnace":3,"minecraft:bread":26,"minecraft:gravel":3,"minecraft:andesite":5,"minecraft:chain":7,"minecraft:oak_boat":17,"minecraft:coarse_dirt":3,"minecraft:bone_meal":6,"minecraft:oak_fence":138,"minecraft:oak_trapdoor":3,"minecraft:stone_sword":77,"minecraft:spruce_planks":26,"minecraft:cooked_salmon":2,"minecraft:cooked_chicken":6,"minecraft:oak_door":2,"minecraft:torch":81,"minecraft:dirt":74,"minecraft:spruce_stairs":7,"minecraft:spruce_fence":6,"minecraft:wooden_axe":35,"minecraft:iron_axe":148,"minecraft:oak_stairs":14,"minecraft:beef":1,"minecraft:cooked_beef":29,"minecraft:cooked_mutton":6,"minecraft:water_bucket":14,"minecraft:cobblestone_stairs":9,"minecraft:birch_planks":2,"minecraft:cauldron":1,"minecraft:mossy_cobblestone":16,"minecraft:oak_slab":85,"minecraft:lime_bed":2,"minecraft:crafting_table":17,"minecraft:white_bed":28,"minecraft:cod":3,"minecraft:painting":9,"minecraft:flower_pot":2,"minecraft:iron_pickaxe":458,"minecraft:spruce_pressure_plate":2,"minecraft:spruce_trapdoor":15,"minecraft:stone_axe":133,"minecraft:cobblestone":249,"minecraft:white_banner":3,"minecraft:cooked_porkchop":7,"minecraft:bucket":17,"minecraft:glass_pane":61},"minecraft:dropped":{"minecraft:iron_sword":1,"minecraft:cooked_beef":3,"minecraft:ender_pearl":1,"minecraft:lantern":2,"minecraft:saddle":1,"minecraft:dirt":184,"minecraft:mutton":2,"minecraft:cooked_cod":4,"minecraft:birch_log":2,"minecraft:white_wool":2,"minecraft:bone":1,"minecraft:oak_door":3,"minecraft:iron_nugget":1,"minecraft:cooked_chicken":4,"minecraft:rotten_flesh":1,"minecraft:cooked_mutton":2,"minecraft:white_bed":2,"minecraft:poppy":8,"minecraft:lime_bed":1,"minecraft:leather_chestplate":1,"minecraft:leather_boots":1,"minecraft:ladder":3,"minecraft:leather_leggings":1,"minecraft:white_dye":2,"minecraft:arrow":6,"minecraft:iron_ingot":3,"minecraft:wheat_seeds":1,"minecraft:mossy_cobblestone":2,"minecraft:cobblestone":3,"minecraft:feather":1,"minecraft:lead":1,"minecraft:spruce_door":1,"minecraft:oxeye_daisy":1,"minecraft:iron_block":2,"minecraft:gray_wool":2,"minecraft:ink_sac":1,"minecraft:oak_stairs":4,"minecraft:string":1,"minecraft:dandelion":4,"minecraft:furnace":1,"minecraft:stone_sword":1,"minecraft:raw_copper":20,"minecraft:green_bed":1,"minecraft:stone_shovel":1,"minecraft:chicken":2,"minecraft:damaged_anvil":1,"minecraft:filled_map":1,"minecraft:cobblestone_slab":3,"minecraft:stone":2,"minecraft:shield":2,"minecraft:oak_boat":2,"minecraft:oak_sapling":2,"minecraft:spider_eye":1,"minecraft:bow":1,"minecraft:stone_pickaxe":1}},"DataVersion":2724}