{"stats":{"minecraft:broken":{"minecraft:stone_pickaxe":1},"minecraft:crafted":{"minecraft:oak_planks":100,"minecraft:stone_shovel":2,"minecraft:leather_boots":1,"minecraft:cooked_chicken":5,"minecraft:furnace":2,"minecraft:cobblestone_stairs":8,"minecraft:cooked_mutton":8,"minecraft:bow":1,"minecraft:stone_pickaxe":4,"minecraft:chest":1,"minecraft:spruce_boat":1,"minecraft:cooked_beef":7,"minecraft:cooked_porkchop":2,"minecraft:crafting_table":3,"minecraft:spruce_planks":56,"minecraft:wooden_pickaxe":1,"minecraft:iron_sword":2,"minecraft:bucket":1,"minecraft:birch_planks":12,"minecraft:stone_axe":1,"minecraft:air":0,"minecraft:oak_boat":2,"minecraft:shield":2,"minecraft:white_dye":3,"minecraft:iron_ingot":16,"minecraft:stick":28,"minecraft:leather_chestplate":1,"minecraft:iron_pickaxe":1,"minecraft:wooden_axe":1,"minecraft:stone_sword":3,"minecraft:white_bed":2,"minecraft:torch":12},"minecraft:mined":{"minecraft:spruce_planks":6,"minecraft:white_bed":7,"minecraft:mossy_cobblestone":21,"minecraft:cobblestone_stairs":1,"minecraft:stripped_birch_log":1,"minecraft:granite":12,"minecraft:grass_block":23,"minecraft:spruce_leaves":8,"minecraft:furnace":3,"minecraft:iron_ore":30,"minecraft:pumpkin":4,"minecraft:stone":256,"minecraft:lily_of_the_valley":3,"minecraft:crafting_table":8,"minecraft:torch":7,"minecraft:copper_ore":8,"minecraft:cobblestone":16,"minecraft:sugar_cane":2,"minecraft:oak_planks":29,"minecraft:wall_torch":1,"minecraft:birch_log":10,"minecraft:sweet_berry_bush":5,"minecraft:spruce_log":15,"minecraft:birch_leaves":3,"minecraft:bee_nest":1,"minecraft:grass":3,"minecraft:oak_log":41,"minecraft:coal_ore":94,"minecraft:gravel":2,"minecraft:sand":1,"minecraft:dirt":5,"minecraft:oak_leaves":72,"minecraft:fern":2},"minecraft:killed_by":{"minecraft:creeper":1,"minecraft:skeleton":3},"minecraft:custom":{"minecraft:mob_kills":38,"minecraft:interact_with_crafting_table":36,"minecraft:leave_game":3,"minecraft:time_since_death":38702,"minecraft:climb_one_cm":9721,"minecraft:sprint_one_cm":335954,"minecraft:walk_one_cm":617772,"minecraft:damage_blocked_by_shield":240,"minecraft:drop":32,"minecraft:play_time":177903,"minecraft:deaths":4,"minecraft:sneak_time":4670,"minecraft:walk_under_water_one_cm":11786,"minecraft:boat_one_cm":241041,"minecraft:jump":2366,"minecraft:walk_on_water_one_cm":15748,"minecraft:total_world_time":177903,"minecraft:interact_with_furnace":28,"minecraft:sleep_in_bed":8,"minecraft:time_since_rest":23989,"minecraft:damage_taken":2397,"minecraft:damage_dealt":4943,"minecraft:swim_one_cm":4779,"minecraft:fly_one_cm":193282,"minecraft:open_chest":19,"minecraft:crouch_one_cm":14320,"minecraft:fall_one_cm":35864,"minecraft:horse_one_cm":603},"minecraft:killed":{"minecraft:spider":2,"minecraft:skeleton":4,"minecraft:bee":1,"minecraft:chicken":5,"minecraft:pig":4,"minecraft:sheep":6,"minecraft:zombie":4,"minecraft:enderman":3,"minecraft:cow":7},"minecraft:picked_up":{"minecraft:crafting_table":8,"minecraft:chicken":5,"minecraft:shield":1,"minecraft:string":3,"minecraft:raw_copper":20,"minecraft:bucket":3,"minecraft:spruce_planks":139,"minecraft:beef":26,"minecraft:red_dye":1,"minecraft:oak_boat":5,"minecraft:iron_pickaxe":1,"minecraft:sugar_cane":4,"minecraft:furnace":5,"minecraft:stick":11,"minecraft:raw_iron":39,"minecraft:torch":55,"minecraft:porkchop":9,"minecraft:stone_sword":11,"minecraft:arrow":36,"minecraft:rotten_flesh":3,"minecraft:stone_shovel":3,"minecraft:mutton":17,"minecraft:cod":4,"minecraft:white_wool":9,"minecraft:cobblestone":484,"minecraft:birch_log":17,"minecraft:leather_chestplate":4,"minecraft:feather":1,"minecraft:cooked_beef":11,"minecraft:leather":13,"minecraft:oak_log":167,"minecraft:cobblestone_stairs":1,"minecraft:stripped_birch_log":2,"minecraft:dirt":30,"minecraft:bone":23,"minecraft:bow":3,"minecraft:wheat_seeds":3,"minecraft:iron_ingot":4,"minecraft:stone_pickaxe":7,"minecraft:cooked_chicken":13,"minecraft:iron_sword":1,"minecraft:oak_planks":145,"minecraft:pumpkin":3,"minecraft:sweet_berries":11,"minecraft:gravel":4,"minecraft:spider_eye":1,"minecraft:spruce_sapling":1,"minecraft:ink_sac":2,"minecraft:white_bed":7,"minecraft:spruce_log":14,"minecraft:lily_of_the_valley":3,"minecraft:mossy_cobblestone":20,"minecraft:spruce_boat":5,"minecraft:stone_axe":4,"minecraft:granite":10,"minecraft:gray_wool":4,"minecraft:oak_sapling":11,"minecraft:coal":145,"minecraft:ender_pearl":1},"minecraft:used":{"minecraft:stone_sword":77,"minecraft:chest":1,"minecraft:spruce_planks":13,"minecraft:shield":8,"minecraft:iron_sword":61,"minecraft:rotten_flesh":3,"minecraft:cooked_chicken":5,"minecraft:torch":48,"minecraft:dirt":15,"minecraft:spruce_boat":5,"minecraft:wooden_axe":35,"minecraft:sweet_berries":7,"minecraft:furnace":5,"minecraft:cooked_beef":6,"minecraft:cooked_mutton":6,"minecraft:water_bucket":2,"minecraft:cobblestone_stairs":9,"minecraft:stone_pickaxe":306,"minecraft:oak_planks":73,"minecraft:wooden_pickaxe":18,"minecraft:mossy_cobblestone":16,"minecraft:crafting_table":10,"minecraft:white_bed":9,"minecraft:cod":1,"minecraft:iron_pickaxe":130,"minecraft:gravel":3,"minecraft:stone_axe":125,"minecraft:cobblestone":86,"minecraft:cooked_porkchop":2,"minecraft:bucket":2,"minecraft:oak_boat":5},"minecraft:dropped":{"minecraft:iron_sword":1,"minecraft:wheat_seeds":1,"minecraft:cooked_beef":3,"minecraft:mossy_cobblestone":1,"minecraft:feather":1,"minecraft:dirt":1,"minecraft:gray_wool":2,"minecraft:ink_sac":1,"minecraft:mutton":2,"minecraft:birch_log":2,"minecraft:bone":1,"minecraft:furnace":1,"minecraft:stone_sword":1,"minecraft:raw_copper":20,"minecraft:stone_shovel":1,"minecraft:cooked_mutton":2,"minecraft:leather_chestplate":1,"minecraft:shield":1,"minecraft:leather_boots":1,"minecraft:oak_boat":1,"minecraft:oak_sapling":1,"minecraft:white_dye":2,"minecraft:arrow":6,"minecraft:stone_pickaxe":1}},"DataVersion":2724}