{"stats":{"minecraft:broken":{"minecraft:iron_shovel":1,"minecraft:stone_pickaxe":1,"minecraft:stone_axe":1,"minecraft:iron_pickaxe":1},"minecraft:crafted":{"minecraft:oak_planks":324,"minecraft:smooth_stone":3,"minecraft:cooked_chicken":5,"minecraft:cobblestone_stairs":8,"minecraft:stone":110,"minecraft:cooked_mutton":8,"minecraft:spruce_pressure_plate":2,"minecraft:bow":1,"minecraft:chest":7,"minecraft:stone_bricks":104,"minecraft:oak_fence":90,"minecraft:oak_slab":84,"minecraft:item_frame":1,"minecraft:cooked_porkchop":2,"minecraft:crafting_table":5,"minecraft:spruce_planks":80,"minecraft:wooden_pickaxe":1,"minecraft:spruce_door":6,"minecraft:birch_planks":40,"minecraft:spruce_trapdoor":4,"minecraft:shield":3,"minecraft:stick":224,"minecraft:leather_chestplate":1,"minecraft:iron_ingot":52,"minecraft:iron_pickaxe":2,"minecraft:iron_block":2,"minecraft:stone_sword":3,"minecraft:gold_ingot":18,"minecraft:oak_door":3,"minecraft:stone_shovel":2,"minecraft:leather_boots":1,"minecraft:iron_nugget":126,"minecraft:furnace":3,"minecraft:blast_furnace":1,"minecraft:spruce_fence":9,"minecraft:oak_trapdoor":2,"minecraft:lantern":11,"minecraft:spruce_stairs":4,"minecraft:spruce_slab":18,"minecraft:stone_pickaxe":4,"minecraft:spruce_boat":1,"minecraft:wheat":108,"minecraft:cooked_beef":7,"minecraft:iron_sword":3,"minecraft:blue_bed":1,"minecraft:bucket":2,"minecraft:stone_axe":1,"minecraft:air":0,"minecraft:blue_dye":5,"minecraft:oak_boat":3,"minecraft:white_dye":3,"minecraft:wooden_axe":1,"minecraft:iron_shovel":1,"minecraft:white_bed":2,"minecraft:torch":36},"minecraft:mined":{"minecraft:spruce_planks":21,"minecraft:white_bed":28,"minecraft:cobblestone_stairs":1,"minecraft:potted_cactus":2,"minecraft:spruce_trapdoor":11,"minecraft:granite":13,"minecraft:grass_block":146,"minecraft:oxeye_daisy":1,"minecraft:smooth_stone":1,"minecraft:iron_ore":57,"minecraft:pumpkin":4,"minecraft:water_cauldron":1,"minecraft:dirt_path":1,"minecraft:oak_stairs":19,"minecraft:spruce_slab":63,"minecraft:green_bed":1,"minecraft:torch":12,"minecraft:blast_furnace":2,"minecraft:poppy":1,"minecraft:chest":5,"minecraft:dead_bush":2,"minecraft:cobblestone":227,"minecraft:sugar_cane":2,"minecraft:oak_planks":36,"minecraft:damaged_anvil":2,"minecraft:wall_torch":7,"minecraft:seagrass":1,"minecraft:chain":7,"minecraft:birch_log":10,"minecraft:wheat":7,"minecraft:grass":278,"minecraft:oak_log":42,"minecraft:sand":59,"minecraft:dirt":82,"minecraft:oak_leaves":72,"minecraft:mossy_cobblestone":21,"minecraft:oak_door":2,"minecraft:stripped_birch_log":1,"minecraft:spruce_leaves":12,"minecraft:sandstone":9,"minecraft:hay_block":13,"minecraft:oak_trapdoor":1,"minecraft:furnace":5,"minecraft:andesite":11,"minecraft:gold_block":2,"minecraft:potatoes":1,"minecraft:cobblestone_slab":25,"minecraft:lantern":9,"minecraft:stone":288,"minecraft:oak_slab":1,"minecraft:glass_pane":4,"minecraft:lily_of_the_valley":3,"minecraft:spruce_door":5,"minecraft:oak_fence":58,"minecraft:crafting_table":13,"minecraft:cornflower":5,"minecraft:copper_ore":8,"minecraft:spruce_stairs":5,"minecraft:lime_bed":3,"minecraft:sweet_berry_bush":5,"minecraft:spruce_log":21,"minecraft:birch_leaves":3,"minecraft:bee_nest":1,"minecraft:white_wall_banner":2,"minecraft:coal_ore":106,"minecraft:gravel":2,"minecraft:stone_bricks":3,"minecraft:fern":3},"minecraft:killed_by":{"minecraft:creeper":1,"minecraft:skeleton":3},"minecraft:custom":{"minecraft:animals_bred":7,"minecraft:interact_with_crafting_table":90,"minecraft:leave_game":8,"minecraft:time_since_death":458258,"minecraft:sprint_one_cm":1092415,"minecraft:damage_blocked_by_shield":1290,"minecraft:drop":130,"minecraft:talked_to_villager":5,"minecraft:play_time":597459,"minecraft:deaths":4,"minecraft:jump":5393,"minecraft:walk_on_water_one_cm":34254,"minecraft:interact_with_furnace":61,"minecraft:interact_with_cartography_table":1,"minecraft:sleep_in_bed":24,"minecraft:damage_dealt":12642,"minecraft:crouch_one_cm":34326,"minecraft:interact_with_smoker":5,"minecraft:use_cauldron":2,"minecraft:horse_one_cm":400692,"minecraft:mob_kills":76,"minecraft:interact_with_anvil":5,"minecraft:fill_cauldron":3,"minecraft:climb_one_cm":30759,"minecraft:walk_one_cm":2728078,"minecraft:sneak_time":11174,"minecraft:walk_under_water_one_cm":14765,"minecraft:boat_one_cm":331254,"minecraft:interact_with_blast_furnace":9,"minecraft:total_world_time":597459,"minecraft:pot_flower":2,"minecraft:time_since_rest":2382,"minecraft:damage_taken":3938,"minecraft:swim_one_cm":9774,"minecraft:fly_one_cm":579855,"minecraft:open_chest":118,"minecraft:fall_one_cm":79008},"minecraft:killed":{"minecraft:spider":7,"minecraft:skeleton":16,"minecraft:bee":1,"minecraft:chicken":9,"minecraft:pig":7,"minecraft:creeper":1,"minecraft:sheep":7,"minecraft:pillager":2,"minecraft:zombie":14,"minecraft:cow":7,"minecraft:enderman":3},"minecraft:picked_up":{"minecraft:flower_pot":2,"minecraft:lead":3,"minecraft:oak_stairs":18,"minecraft:string":6,"minecraft:raw_copper":20,"minecraft:smooth_stone":1,"minecraft:bucket":3,"minecraft:spruce_planks":150,"minecraft:red_dye":1,"minecraft:cobblestone_slab":47,"minecraft:iron_pickaxe":1,"minecraft:furnace":7,"minecraft:stick":12,"minecraft:oak_fence":62,"minecraft:torch":70,"minecraft:green_bed":1,"minecraft:spruce_stairs":4,"minecraft:porkchop":14,"minecraft:cauldron":1,"minecraft:stone_sword":13,"minecraft:cactus":2,"minecraft:rotten_flesh":21,"minecraft:cod":9,"minecraft:cobblestone":773,"minecraft:birch_log":24,"minecraft:leather_chestplate":5,"minecraft:feather":6,"minecraft:cooked_beef":29,"minecraft:water_bucket":1,"minecraft:andesite":10,"minecraft:potato":1,"minecraft:dirt":324,"minecraft:stripped_birch_log":3,"minecraft:lantern":11,"minecraft:bone":36,"minecraft:bow":6,"minecraft:wheat_seeds":41,"minecraft:oak_planks":237,"minecraft:sand":34,"minecraft:ink_sac":2,"minecraft:lily_of_the_valley":3,"minecraft:mossy_cobblestone":21,"minecraft:spruce_boat":5,"minecraft:granite":22,"minecraft:oak_sapling":14,"minecraft:crafting_table":13,"minecraft:chicken":9,"minecraft:gold_block":2,"minecraft:chain":13,"minecraft:shield":1,"minecraft:cornflower":5,"minecraft:oak_trapdoor":1,"minecraft:iron_axe":1,"minecraft:glass_pane":55,"minecraft:beef":26,"minecraft:oak_boat":10,"minecraft:iron_nugget":1,"minecraft:spruce_slab":87,"minecraft:chest":5,"minecraft:sugar_cane":4,"minecraft:spruce_trapdoor":11,"minecraft:egg":31,"minecraft:raw_iron":66,"minecraft:oak_door":2,"minecraft:arrow":53,"minecraft:stone_shovel":3,"minecraft:hay_block":12,"minecraft:mutton":18,"minecraft:white_wool":10,"minecraft:oxeye_daisy":1,"minecraft:lime_bed":3,"minecraft:leather":13,"minecraft:oak_log":180,"minecraft:golden_boots":1,"minecraft:cobblestone_stairs":1,"minecraft:white_banner":3,"minecraft:stone_bricks":2,"minecraft:iron_ingot":18,"minecraft:stone_pickaxe":7,"minecraft:cooked_chicken":13,"minecraft:iron_sword":1,"minecraft:oak_slab":1,"minecraft:pumpkin":6,"minecraft:sweet_berries":11,"minecraft:dandelion":4,"minecraft:gravel":5,"minecraft:spruce_sapling":2,"minecraft:blast_furnace":2,"minecraft:white_bed":29,"minecraft:spruce_log":20,"minecraft:spider_eye":1,"minecraft:spruce_door":6,"minecraft:stone_axe":4,"minecraft:painting":9,"minecraft:gray_wool":4,"minecraft:damaged_anvil":3,"minecraft:coal":218,"minecraft:ender_pearl":3},"minecraft:used":{"minecraft:iron_shovel":262,"minecraft:spruce_slab":101,"minecraft:chest":12,"minecraft:shield":38,"minecraft:iron_sword":289,"minecraft:rotten_flesh":18,"minecraft:spruce_boat":5,"minecraft:lava_bucket":2,"minecraft:lantern":18,"minecraft:stone_bricks":104,"minecraft:item_frame":1,"minecraft:bow":5,"minecraft:sweet_berries":7,"minecraft:furnace":7,"minecraft:egg":29,"minecraft:damaged_anvil":2,"minecraft:spruce_door":11,"minecraft:stone_pickaxe":343,"minecraft:oak_planks":87,"minecraft:ender_pearl":1,"minecraft:wooden_pickaxe":18,"minecraft:blue_bed":1,"minecraft:sand":1,"minecraft:blast_furnace":3,"minecraft:bread":6,"minecraft:gravel":3,"minecraft:andesite":5,"minecraft:chain":7,"minecraft:oak_boat":9,"minecraft:oak_fence":138,"minecraft:oak_trapdoor":3,"minecraft:stone_sword":77,"minecraft:spruce_planks":26,"minecraft:cooked_chicken":5,"minecraft:oak_door":2,"minecraft:torch":81,"minecraft:dirt":70,"minecraft:spruce_stairs":7,"minecraft:spruce_fence":6,"minecraft:wooden_axe":35,"minecraft:iron_axe":139,"minecraft:oak_stairs":14,"minecraft:cooked_beef":29,"minecraft:cooked_mutton":6,"minecraft:water_bucket":8,"minecraft:cobblestone_stairs":9,"minecraft:birch_planks":2,"minecraft:cauldron":1,"minecraft:mossy_cobblestone":16,"minecraft:crafting_table":17,"minecraft:oak_slab":85,"minecraft:lime_bed":2,"minecraft:white_bed":28,"minecraft:cod":3,"minecraft:painting":9,"minecraft:flower_pot":2,"minecraft:iron_pickaxe":458,"minecraft:spruce_pressure_plate":2,"minecraft:spruce_trapdoor":15,"minecraft:stone_axe":133,"minecraft:cobblestone":239,"minecraft:white_banner":2,"minecraft:cooked_porkchop":2,"minecraft:bucket":11,"minecraft:glass_pane":31},"minecraft:dropped":{"minecraft:iron_sword":1,"minecraft:cooked_beef":3,"minecraft:ender_pearl":1,"minecraft:lantern":1,"minecraft:saddle":1,"minecraft:dirt":184,"minecraft:mutton":2,"minecraft:birch_log":2,"minecraft:bone":1,"minecraft:oak_door":3,"minecraft:iron_nugget":1,"minecraft:cooked_mutton":2,"minecraft:white_bed":2,"minecraft:leather_chestplate":1,"minecraft:lime_bed":1,"minecraft:leather_boots":1,"minecraft:leather_leggings":1,"minecraft:white_dye":2,"minecraft:arrow":6,"minecraft:iron_ingot":3,"minecraft:wheat_seeds":1,"minecraft:mossy_cobblestone":2,"minecraft:cobblestone":3,"minecraft:feather":1,"minecraft:lead":1,"minecraft:spruce_door":1,"minecraft:oxeye_daisy":1,"minecraft:iron_block":2,"minecraft:gray_wool":2,"minecraft:ink_sac":1,"minecraft:oak_stairs":4,"minecraft:string":1,"minecraft:dandelion":4,"minecraft:furnace":1,"minecraft:stone_sword":1,"minecraft:raw_copper":20,"minecraft:green_bed":1,"minecraft:stone_shovel":1,"minecraft:chicken":2,"minecraft:damaged_anvil":1,"minecraft:cobblestone_slab":3,"minecraft:shield":2,"minecraft:oak_boat":1,"minecraft:oak_sapling":2,"minecraft:bow":1,"minecraft:stone_pickaxe":1}},"DataVersion":2724}