{"stats":{"minecraft:crafted":{"minecraft:oak_door":3,"minecraft:smooth_stone":3,"minecraft:oak_planks":324,"minecraft:stone_shovel":2,"minecraft:iron_nugget":9,"minecraft:leather_boots":1,"minecraft:cooked_chicken":5,"minecraft:furnace":3,"minecraft:blast_furnace":1,"minecraft:cobblestone_stairs":8,"minecraft:stone":3,"minecraft:spruce_fence":9,"minecraft:cooked_mutton":8,"minecraft:spruce_pressure_plate":2,"minecraft:lantern":1,"minecraft:spruce_stairs":4,"minecraft:bow":1,"minecraft:spruce_slab":18,"minecraft:stone_pickaxe":4,"minecraft:chest":4,"minecraft:spruce_boat":1,"minecraft:oak_fence":90,"minecraft:cooked_beef":7,"minecraft:oak_slab":84,"minecraft:item_frame":1,"minecraft:cooked_porkchop":2,"minecraft:crafting_table":5,"minecraft:spruce_planks":80,"minecraft:wooden_pickaxe":1,"minecraft:iron_sword":3,"minecraft:spruce_door":6,"minecraft:bucket":2,"minecraft:birch_planks":12,"minecraft:stone_axe":1,"minecraft:air":0,"minecraft:oak_boat":3,"minecraft:spruce_trapdoor":4,"minecraft:shield":3,"minecraft:white_dye":3,"minecraft:stick":224,"minecraft:iron_ingot":52,"minecraft:leather_chestplate":1,"minecraft:iron_pickaxe":2,"minecraft:wooden_axe":1,"minecraft:iron_block":2,"minecraft:stone_sword":3,"minecraft:iron_shovel":1,"minecraft:white_bed":2,"minecraft:torch":36},"minecraft:broken":{"minecraft:stone_pickaxe":1,"minecraft:stone_axe":1},"minecraft:dropped":{"minecraft:iron_ingot":3,"minecraft:iron_sword":1,"minecraft:wheat_seeds":1,"minecraft:cooked_beef":3,"minecraft:ender_pearl":1,"minecraft:mossy_cobblestone":1,"minecraft:feather":1,"minecraft:cobblestone":3,"minecraft:lead":1,"minecraft:spruce_door":1,"minecraft:iron_block":2,"minecraft:dirt":184,"minecraft:gray_wool":2,"minecraft:ink_sac":1,"minecraft:mutton":2,"minecraft:string":1,"minecraft:birch_log":2,"minecraft:dandelion":3,"minecraft:bone":1,"minecraft:furnace":1,"minecraft:iron_nugget":1,"minecraft:stone_sword":1,"minecraft:raw_copper":20,"minecraft:stone_shovel":1,"minecraft:cooked_mutton":2,"minecraft:leather_chestplate":1,"minecraft:cobblestone_slab":3,"minecraft:shield":2,"minecraft:oak_sapling":2,"minecraft:leather_boots":1,"minecraft:oak_boat":1,"minecraft:white_dye":2,"minecraft:arrow":6,"minecraft:stone_pickaxe":1},"minecraft:killed":{"minecraft:spider":6,"minecraft:skeleton":13,"minecraft:bee":1,"minecraft:chicken":6,"minecraft:pig":5,"minecraft:sheep":6,"minecraft:pillager":2,"minecraft:zombie":12,"minecraft:enderman":3,"minecraft:cow":7},"minecraft:custom":{"minecraft:interact_with_anvil":5,"minecraft:mob_kills":63,"minecraft:animals_bred":6,"minecraft:interact_with_crafting_table":84,"minecraft:leave_game":4,"minecraft:time_since_death":326760,"minecraft:climb_one_cm":20707,"minecraft:sprint_one_cm":734488,"minecraft:walk_one_cm":2028380,"minecraft:damage_blocked_by_shield":1010,"minecraft:drop":110,"minecraft:play_time":465961,"minecraft:deaths":4,"minecraft:sneak_time":8565,"minecraft:walk_under_water_one_cm":12235,"minecraft:boat_one_cm":296813,"minecraft:jump":4323,"minecraft:interact_with_blast_furnace":7,"minecraft:walk_on_water_one_cm":26523,"minecraft:total_world_time":465961,"minecraft:interact_with_furnace":45,"minecraft:sleep_in_bed":19,"minecraft:time_since_rest":25369,"minecraft:damage_taken":3181,"minecraft:damage_dealt":10179,"minecraft:swim_one_cm":6574,"minecraft:fly_one_cm":394337,"minecraft:open_chest":67,"minecraft:crouch_one_cm":27858,"minecraft:interact_with_smoker":5,"minecraft:fall_one_cm":58878,"minecraft:horse_one_cm":603},"minecraft:used":{"minecraft:oak_fence":129,"minecraft:stone_sword":77,"minecraft:iron_shovel":156,"minecraft:spruce_slab":90,"minecraft:chest":7,"minecraft:spruce_planks":26,"minecraft:shield":30,"minecraft:iron_sword":187,"minecraft:cooked_chicken":5,"minecraft:rotten_flesh":11,"minecraft:oak_door":2,"minecraft:torch":79,"minecraft:dirt":18,"minecraft:spruce_stairs":5,"minecraft:spruce_fence":6,"minecraft:spruce_boat":5,"minecraft:wooden_axe":35,"minecraft:lava_bucket":1,"minecraft:lantern":2,"minecraft:iron_axe":116,"minecraft:oak_stairs":14,"minecraft:item_frame":1,"minecraft:bow":1,"minecraft:sweet_berries":7,"minecraft:furnace":7,"minecraft:egg":12,"minecraft:cooked_beef":21,"minecraft:cooked_mutton":6,"minecraft:water_bucket":6,"minecraft:cobblestone_stairs":9,"minecraft:spruce_door":11,"minecraft:stone_pickaxe":307,"minecraft:oak_planks":83,"minecraft:ender_pearl":1,"minecraft:wooden_pickaxe":18,"minecraft:mossy_cobblestone":16,"minecraft:oak_slab":85,"minecraft:crafting_table":16,"minecraft:blast_furnace":3,"minecraft:white_bed":28,"minecraft:cod":1,"minecraft:painting":9,"minecraft:spruce_trapdoor":15,"minecraft:iron_pickaxe":330,"minecraft:spruce_pressure_plate":2,"minecraft:gravel":3,"minecraft:stone_axe":133,"minecraft:cobblestone":193,"minecraft:white_banner":2,"minecraft:cooked_porkchop":2,"minecraft:andesite":5,"minecraft:bucket":8,"minecraft:glass_pane":31,"minecraft:oak_boat":7},"minecraft:picked_up":{"minecraft:crafting_table":12,"minecraft:chicken":6,"minecraft:lead":1,"minecraft:oak_stairs":18,"minecraft:gold_block":2,"minecraft:shield":1,"minecraft:cornflower":3,"minecraft:string":5,"minecraft:raw_copper":20,"minecraft:iron_axe":1,"minecraft:glass_pane":55,"minecraft:bucket":3,"minecraft:spruce_planks":150,"minecraft:beef":26,"minecraft:red_dye":1,"minecraft:oak_boat":8,"minecraft:cobblestone_slab":3,"minecraft:iron_nugget":1,"minecraft:iron_pickaxe":1,"minecraft:spruce_slab":76,"minecraft:sugar_cane":4,"minecraft:chest":3,"minecraft:spruce_trapdoor":11,"minecraft:furnace":7,"minecraft:egg":16,"minecraft:stick":12,"minecraft:raw_iron":66,"minecraft:oak_door":2,"minecraft:oak_fence":53,"minecraft:torch":67,"minecraft:spruce_stairs":4,"minecraft:porkchop":10,"minecraft:stone_sword":13,"minecraft:arrow":48,"minecraft:stone_shovel":3,"minecraft:rotten_flesh":11,"minecraft:mutton":17,"minecraft:cod":4,"minecraft:white_wool":9,"minecraft:cobblestone":676,"minecraft:birch_log":24,"minecraft:leather_chestplate":5,"minecraft:feather":4,"minecraft:cooked_beef":29,"minecraft:water_bucket":1,"minecraft:andesite":10,"minecraft:leather":13,"minecraft:oak_log":180,"minecraft:cobblestone_stairs":1,"minecraft:stripped_birch_log":3,"minecraft:dirt":272,"minecraft:lantern":1,"minecraft:white_banner":2,"minecraft:bone":36,"minecraft:bow":5,"minecraft:wheat_seeds":40,"minecraft:iron_ingot":12,"minecraft:stone_pickaxe":7,"minecraft:cooked_chicken":13,"minecraft:iron_sword":1,"minecraft:oak_planks":237,"minecraft:oak_slab":1,"minecraft:pumpkin":6,"minecraft:sweet_berries":11,"minecraft:dandelion":4,"minecraft:blast_furnace":2,"minecraft:gravel":5,"minecraft:spruce_sapling":2,"minecraft:ink_sac":2,"minecraft:spruce_door":6,"minecraft:white_bed":26,"minecraft:spruce_log":20,"minecraft:lily_of_the_valley":3,"minecraft:spider_eye":1,"minecraft:mossy_cobblestone":21,"minecraft:spruce_boat":5,"minecraft:stone_axe":4,"minecraft:painting":9,"minecraft:granite":22,"minecraft:gray_wool":4,"minecraft:oak_sapling":14,"minecraft:damaged_anvil":1,"minecraft:coal":218,"minecraft:ender_pearl":3},"minecraft:killed_by":{"minecraft:creeper":1,"minecraft:skeleton":3},"minecraft:mined":{"minecraft:spruce_planks":17,"minecraft:white_bed":26,"minecraft:mossy_cobblestone":21,"minecraft:oak_door":2,"minecraft:cobblestone_stairs":1,"minecraft:stripped_birch_log":1,"minecraft:spruce_trapdoor":11,"minecraft:granite":13,"minecraft:grass_block":117,"minecraft:spruce_leaves":8,"minecraft:furnace":5,"minecraft:iron_ore":57,"minecraft:andesite":11,"minecraft:pumpkin":4,"minecraft:gold_block":2,"minecraft:oak_stairs":19,"minecraft:lantern":2,"minecraft:stone":288,"minecraft:spruce_slab":55,"minecraft:oak_slab":1,"minecraft:glass_pane":4,"minecraft:lily_of_the_valley":3,"minecraft:spruce_door":5,"minecraft:cornflower":3,"minecraft:oak_fence":48,"minecraft:crafting_table":12,"minecraft:torch":11,"minecraft:blast_furnace":2,"minecraft:poppy":1,"minecraft:chest":3,"minecraft:copper_ore":8,"minecraft:cobblestone":120,"minecraft:sugar_cane":2,"minecraft:oak_planks":36,"minecraft:damaged_anvil":1,"minecraft:wall_torch":7,"minecraft:spruce_stairs":3,"minecraft:birch_log":10,"minecraft:white_wall_banner":1,"minecraft:sweet_berry_bush":5,"minecraft:spruce_log":21,"minecraft:birch_leaves":3,"minecraft:bee_nest":1,"minecraft:grass":261,"minecraft:oak_log":42,"minecraft:coal_ore":106,"minecraft:sand":1,"minecraft:gravel":2,"minecraft:dirt":64,"minecraft:oak_leaves":72,"minecraft:fern":2}},"DataVersion":2724}