{"stats":{"minecraft:crafted":{"minecraft:cooked_beef":7,"minecraft:oak_planks":100,"minecraft:stone_shovel":2,"minecraft:leather_boots":1,"minecraft:cooked_porkchop":2,"minecraft:crafting_table":1,"minecraft:spruce_planks":56,"minecraft:cooked_chicken":5,"minecraft:wooden_pickaxe":1,"minecraft:iron_sword":1,"minecraft:furnace":1,"minecraft:cobblestone_stairs":8,"minecraft:bucket":1,"minecraft:birch_planks":12,"minecraft:stone_axe":1,"minecraft:cooked_mutton":8,"minecraft:air":0,"minecraft:oak_boat":2,"minecraft:white_dye":3,"minecraft:stick":24,"minecraft:leather_chestplate":1,"minecraft:iron_ingot":5,"minecraft:stone_pickaxe":4,"minecraft:wooden_axe":1,"minecraft:stone_sword":3,"minecraft:chest":1,"minecraft:white_bed":2,"minecraft:torch":12},"minecraft:broken":{"minecraft:stone_pickaxe":1},"minecraft:mined":{"minecraft:white_bed":7,"minecraft:mossy_cobblestone":21,"minecraft:lily_of_the_valley":3,"minecraft:cobblestone_stairs":1,"minecraft:stripped_birch_log":1,"minecraft:crafting_table":8,"minecraft:torch":7,"minecraft:granite":12,"minecraft:grass_block":23,"minecraft:cobblestone":16,"minecraft:copper_ore":8,"minecraft:spruce_leaves":8,"minecraft:oak_planks":29,"minecraft:sugar_cane":2,"minecraft:wall_torch":1,"minecraft:furnace":3,"minecraft:birch_log":10,"minecraft:iron_ore":13,"minecraft:sweet_berry_bush":5,"minecraft:spruce_log":15,"minecraft:birch_leaves":3,"minecraft:pumpkin":4,"minecraft:bee_nest":1,"minecraft:grass":3,"minecraft:oak_log":41,"minecraft:coal_ore":62,"minecraft:gravel":2,"minecraft:sand":1,"minecraft:dirt":4,"minecraft:stone":163,"minecraft:oak_leaves":72,"minecraft:fern":2},"minecraft:killed_by":{"minecraft:skeleton":3},"minecraft:custom":{"minecraft:interact_with_furnace":22,"minecraft:mob_kills":26,"minecraft:interact_with_crafting_table":25,"minecraft:leave_game":1,"minecraft:time_since_death":3454,"minecraft:sleep_in_bed":6,"minecraft:climb_one_cm":7609,"minecraft:time_since_rest":3483,"minecraft:sprint_one_cm":257792,"minecraft:damage_taken":1561,"minecraft:walk_one_cm":489802,"minecraft:drop":31,"minecraft:damage_dealt":2317,"minecraft:swim_one_cm":4582,"minecraft:fly_one_cm":148101,"minecraft:open_chest":15,"minecraft:crouch_one_cm":12200,"minecraft:play_time":130391,"minecraft:sneak_time":4053,"minecraft:deaths":3,"minecraft:walk_under_water_one_cm":10938,"minecraft:boat_one_cm":240487,"minecraft:jump":1827,"minecraft:walk_on_water_one_cm":13294,"minecraft:total_world_time":130391,"minecraft:fall_one_cm":28397,"minecraft:horse_one_cm":603},"minecraft:killed":{"minecraft:pig":4,"minecraft:skeleton":1,"minecraft:sheep":6,"minecraft:bee":1,"minecraft:chicken":5,"minecraft:cow":7},"minecraft:picked_up":{"minecraft:birch_log":17,"minecraft:leather_chestplate":3,"minecraft:crafting_table":8,"minecraft:feather":1,"minecraft:chicken":5,"minecraft:leather":13,"minecraft:oak_log":124,"minecraft:cobblestone_stairs":1,"minecraft:dirt":29,"minecraft:stripped_birch_log":2,"minecraft:raw_copper":20,"minecraft:bone":13,"minecraft:bow":3,"minecraft:wheat_seeds":3,"minecraft:bucket":2,"minecraft:spruce_planks":89,"minecraft:red_dye":1,"minecraft:beef":26,"minecraft:stone_pickaxe":5,"minecraft:cooked_chicken":13,"minecraft:oak_boat":5,"minecraft:sugar_cane":4,"minecraft:oak_planks":132,"minecraft:furnace":5,"minecraft:stick":8,"minecraft:raw_iron":12,"minecraft:pumpkin":3,"minecraft:sweet_berries":11,"minecraft:torch":41,"minecraft:gravel":1,"minecraft:porkchop":9,"minecraft:spruce_sapling":1,"minecraft:ink_sac":2,"minecraft:white_bed":7,"minecraft:spruce_log":14,"minecraft:lily_of_the_valley":3,"minecraft:mossy_cobblestone":19,"minecraft:stone_sword":8,"minecraft:arrow":20,"minecraft:stone_shovel":2,"minecraft:stone_axe":3,"minecraft:granite":10,"minecraft:gray_wool":4,"minecraft:oak_sapling":9,"minecraft:mutton":17,"minecraft:cod":3,"minecraft:coal":91,"minecraft:white_wool":9,"minecraft:cobblestone":346},"minecraft:used":{"minecraft:cooked_mutton":6,"minecraft:water_bucket":1,"minecraft:stone_sword":62,"minecraft:cobblestone_stairs":9,"minecraft:stone_pickaxe":294,"minecraft:oak_planks":65,"minecraft:spruce_planks":13,"minecraft:chest":1,"minecraft:wooden_pickaxe":18,"minecraft:cooked_chicken":1,"minecraft:torch":28,"minecraft:mossy_cobblestone":15,"minecraft:dirt":15,"minecraft:crafting_table":8,"minecraft:white_bed":9,"minecraft:wooden_axe":35,"minecraft:stone_axe":119,"minecraft:sweet_berries":5,"minecraft:cobblestone":85,"minecraft:furnace":4,"minecraft:cooked_porkchop":2,"minecraft:bucket":1,"minecraft:oak_boat":5,"minecraft:cooked_beef":4},"minecraft:dropped":{"minecraft:iron_sword":1,"minecraft:furnace":1,"minecraft:wheat_seeds":1,"minecraft:cooked_beef":3,"minecraft:stone_sword":1,"minecraft:raw_copper":20,"minecraft:mossy_cobblestone":1,"minecraft:stone_shovel":1,"minecraft:feather":1,"minecraft:cooked_mutton":2,"minecraft:leather_chestplate":1,"minecraft:dirt":1,"minecraft:gray_wool":2,"minecraft:ink_sac":1,"minecraft:leather_boots":1,"minecraft:mutton":2,"minecraft:oak_boat":1,"minecraft:oak_sapling":1,"minecraft:white_dye":2,"minecraft:stone_pickaxe":1,"minecraft:arrow":6,"minecraft:birch_log":2,"minecraft:bone":1}},"DataVersion":2724}