{"stats":{"minecraft:crafted":{"minecraft:oak_planks":4,"minecraft:cooked_porkchop":2,"minecraft:crafting_table":1,"minecraft:stick":12,"minecraft:wooden_pickaxe":1,"minecraft:stone_pickaxe":1,"minecraft:wooden_axe":1,"minecraft:stone_sword":1,"minecraft:furnace":1,"minecraft:torch":12,"minecraft:birch_planks":12,"minecraft:stone_axe":1,"minecraft:air":0},"minecraft:mined":{"minecraft:birch_log":8,"minecraft:stripped_birch_log":1,"minecraft:birch_leaves":3,"minecraft:crafting_table":1,"minecraft:grass":2,"minecraft:coal_ore":12,"minecraft:grass_block":14,"minecraft:oak_log":23,"minecraft:stone":18,"minecraft:oak_leaves":6},"minecraft:custom":{"minecraft:time_since_rest":10612,"minecraft:interact_with_furnace":2,"minecraft:sprint_one_cm":37754,"minecraft:damage_taken":180,"minecraft:walk_one_cm":46727,"minecraft:mob_kills":11,"minecraft:damage_dealt":893,"minecraft:interact_with_crafting_table":7,"minecraft:swim_one_cm":556,"minecraft:fly_one_cm":11694,"minecraft:crouch_one_cm":33,"minecraft:play_time":10612,"minecraft:sneak_time":30,"minecraft:walk_under_water_one_cm":289,"minecraft:jump":155,"minecraft:time_since_death":10612,"minecraft:walk_on_water_one_cm":3269,"minecraft:total_world_time":10612,"minecraft:fall_one_cm":418},"minecraft:killed":{"minecraft:sheep":5,"minecraft:pig":1,"minecraft:cow":3},"minecraft:picked_up":{"minecraft:birch_log":8,"minecraft:crafting_table":1,"minecraft:leather":3,"minecraft:porkchop":2,"minecraft:oak_log":22,"minecraft:ink_sac":1,"minecraft:stripped_birch_log":1,"minecraft:dirt":14,"minecraft:bone":3,"minecraft:arrow":2,"minecraft:bow":1,"minecraft:wheat_seeds":1,"minecraft:beef":7,"minecraft:gray_wool":2,"minecraft:mutton":7,"minecraft:coal":12,"minecraft:white_wool":3,"minecraft:cobblestone":18},"minecraft:used":{"minecraft:wooden_axe":20,"minecraft:stone_sword":23,"minecraft:stone_pickaxe":14,"minecraft:wooden_pickaxe":18,"minecraft:stone_axe":21,"minecraft:crafting_table":2,"minecraft:furnace":1}},"DataVersion":2724}