{"stats":{"minecraft:crafted":{"minecraft:cooked_beef":7,"minecraft:oak_planks":100,"minecraft:cooked_porkchop":2,"minecraft:crafting_table":1,"minecraft:wooden_pickaxe":1,"minecraft:furnace":1,"minecraft:bucket":1,"minecraft:birch_planks":12,"minecraft:stone_axe":1,"minecraft:cooked_mutton":8,"minecraft:air":0,"minecraft:oak_boat":2,"minecraft:white_dye":3,"minecraft:stick":12,"minecraft:iron_ingot":5,"minecraft:stone_pickaxe":2,"minecraft:wooden_axe":1,"minecraft:stone_sword":1,"minecraft:chest":1,"minecraft:white_bed":2,"minecraft:torch":12},"minecraft:broken":{"minecraft:stone_pickaxe":1},"minecraft:mined":{"minecraft:white_bed":7,"minecraft:mossy_cobblestone":19,"minecraft:lily_of_the_valley":3,"minecraft:stripped_birch_log":1,"minecraft:crafting_table":8,"minecraft:torch":7,"minecraft:granite":12,"minecraft:grass_block":23,"minecraft:cobblestone":1,"minecraft:copper_ore":8,"minecraft:spruce_leaves":8,"minecraft:oak_planks":29,"minecraft:sugar_cane":2,"minecraft:wall_torch":1,"minecraft:furnace":3,"minecraft:birch_log":10,"minecraft:iron_ore":6,"minecraft:sweet_berry_bush":5,"minecraft:spruce_log":15,"minecraft:birch_leaves":3,"minecraft:pumpkin":4,"minecraft:bee_nest":1,"minecraft:grass":3,"minecraft:oak_log":40,"minecraft:coal_ore":42,"minecraft:gravel":2,"minecraft:sand":1,"minecraft:dirt":4,"minecraft:stone":152,"minecraft:oak_leaves":72,"minecraft:fern":2},"minecraft:killed_by":{"minecraft:skeleton":1},"minecraft:custom":{"minecraft:interact_with_furnace":15,"minecraft:mob_kills":26,"minecraft:interact_with_crafting_table":15,"minecraft:leave_game":1,"minecraft:time_since_death":62044,"minecraft:sleep_in_bed":4,"minecraft:time_since_rest":2674,"minecraft:sprint_one_cm":199207,"minecraft:damage_taken":790,"minecraft:walk_one_cm":346148,"minecraft:drop":25,"minecraft:damage_dealt":2204,"minecraft:swim_one_cm":4582,"minecraft:fly_one_cm":123268,"minecraft:open_chest":1,"minecraft:crouch_one_cm":6445,"minecraft:play_time":82391,"minecraft:sneak_time":2323,"minecraft:deaths":1,"minecraft:walk_under_water_one_cm":3214,"minecraft:boat_one_cm":240487,"minecraft:jump":1441,"minecraft:walk_on_water_one_cm":9849,"minecraft:total_world_time":82391,"minecraft:fall_one_cm":21171,"minecraft:horse_one_cm":603},"minecraft:killed":{"minecraft:pig":4,"minecraft:skeleton":1,"minecraft:sheep":6,"minecraft:bee":1,"minecraft:chicken":5,"minecraft:cow":7},"minecraft:picked_up":{"minecraft:birch_log":17,"minecraft:crafting_table":8,"minecraft:feather":1,"minecraft:chicken":5,"minecraft:leather":13,"minecraft:oak_log":38,"minecraft:dirt":29,"minecraft:stripped_birch_log":2,"minecraft:raw_copper":20,"minecraft:bone":9,"minecraft:bow":3,"minecraft:wheat_seeds":3,"minecraft:red_dye":1,"minecraft:beef":26,"minecraft:stone_pickaxe":1,"minecraft:oak_boat":5,"minecraft:sugar_cane":4,"minecraft:oak_planks":70,"minecraft:furnace":5,"minecraft:stick":4,"minecraft:raw_iron":5,"minecraft:pumpkin":3,"minecraft:sweet_berries":7,"minecraft:torch":13,"minecraft:gravel":1,"minecraft:porkchop":9,"minecraft:spruce_sapling":1,"minecraft:ink_sac":2,"minecraft:white_bed":7,"minecraft:spruce_log":14,"minecraft:lily_of_the_valley":3,"minecraft:mossy_cobblestone":14,"minecraft:stone_sword":2,"minecraft:arrow":12,"minecraft:stone_axe":1,"minecraft:granite":10,"minecraft:gray_wool":4,"minecraft:oak_sapling":5,"minecraft:mutton":17,"minecraft:cod":1,"minecraft:coal":71,"minecraft:white_wool":9,"minecraft:cobblestone":152},"minecraft:used":{"minecraft:cooked_mutton":4,"minecraft:stone_sword":59,"minecraft:stone_pickaxe":238,"minecraft:oak_planks":65,"minecraft:chest":1,"minecraft:wooden_pickaxe":18,"minecraft:torch":25,"minecraft:dirt":15,"minecraft:crafting_table":8,"minecraft:white_bed":9,"minecraft:wooden_axe":35,"minecraft:stone_axe":110,"minecraft:cobblestone":6,"minecraft:furnace":4,"minecraft:cooked_porkchop":2,"minecraft:bucket":1,"minecraft:oak_boat":5,"minecraft:cooked_beef":4},"minecraft:dropped":{"minecraft:furnace":1,"minecraft:wheat_seeds":1,"minecraft:cooked_beef":3,"minecraft:stone_sword":1,"minecraft:raw_copper":20,"minecraft:feather":1,"minecraft:cooked_mutton":2,"minecraft:dirt":1,"minecraft:gray_wool":2,"minecraft:ink_sac":1,"minecraft:mutton":2,"minecraft:oak_boat":1,"minecraft:oak_sapling":1,"minecraft:white_dye":2,"minecraft:arrow":6,"minecraft:birch_log":2,"minecraft:bone":1}},"DataVersion":2724}