{"stats":{"minecraft:crafted":{"minecraft:oak_planks":100,"minecraft:cooked_porkchop":2,"minecraft:crafting_table":1,"minecraft:wooden_pickaxe":1,"minecraft:furnace":1,"minecraft:birch_planks":12,"minecraft:stone_axe":1,"minecraft:air":0,"minecraft:stick":12,"minecraft:stone_pickaxe":1,"minecraft:wooden_axe":1,"minecraft:stone_sword":1,"minecraft:torch":12},"minecraft:mined":{"minecraft:stripped_birch_log":1,"minecraft:crafting_table":2,"minecraft:torch":4,"minecraft:grass_block":14,"minecraft:oak_planks":10,"minecraft:furnace":1,"minecraft:birch_log":8,"minecraft:birch_leaves":3,"minecraft:grass":2,"minecraft:oak_log":28,"minecraft:coal_ore":12,"minecraft:dirt":3,"minecraft:stone":18,"minecraft:oak_leaves":72},"minecraft:killed_by":{"minecraft:skeleton":1},"minecraft:custom":{"minecraft:interact_with_furnace":2,"minecraft:mob_kills":12,"minecraft:interact_with_crafting_table":7,"minecraft:time_since_death":2265,"minecraft:time_since_rest":2298,"minecraft:sprint_one_cm":43599,"minecraft:damage_taken":500,"minecraft:walk_one_cm":95421,"minecraft:drop":10,"minecraft:damage_dealt":1116,"minecraft:swim_one_cm":556,"minecraft:fly_one_cm":16786,"minecraft:crouch_one_cm":5950,"minecraft:play_time":22612,"minecraft:deaths":1,"minecraft:sneak_time":2056,"minecraft:walk_under_water_one_cm":289,"minecraft:jump":306,"minecraft:walk_on_water_one_cm":3269,"minecraft:total_world_time":22612,"minecraft:fall_one_cm":1735},"minecraft:killed":{"minecraft:pig":1,"minecraft:sheep":5,"minecraft:skeleton":1,"minecraft:cow":3},"minecraft:picked_up":{"minecraft:birch_log":15,"minecraft:crafting_table":2,"minecraft:leather":6,"minecraft:oak_log":27,"minecraft:dirt":19,"minecraft:stripped_birch_log":2,"minecraft:bone":8,"minecraft:bow":2,"minecraft:wheat_seeds":2,"minecraft:beef":14,"minecraft:stone_pickaxe":1,"minecraft:oak_planks":51,"minecraft:furnace":2,"minecraft:stick":4,"minecraft:torch":4,"minecraft:porkchop":2,"minecraft:ink_sac":2,"minecraft:stone_sword":2,"minecraft:arrow":8,"minecraft:stone_axe":1,"minecraft:gray_wool":4,"minecraft:oak_sapling":5,"minecraft:mutton":16,"minecraft:coal":20,"minecraft:white_wool":6,"minecraft:cobblestone":20},"minecraft:used":{"minecraft:stone_sword":32,"minecraft:stone_pickaxe":15,"minecraft:oak_planks":65,"minecraft:wooden_pickaxe":18,"minecraft:torch":16,"minecraft:dirt":15,"minecraft:crafting_table":2,"minecraft:wooden_axe":35,"minecraft:stone_axe":36,"minecraft:furnace":1,"minecraft:cooked_porkchop":2},"minecraft:dropped":{"minecraft:stone_sword":1,"minecraft:dirt":1,"minecraft:mutton":2,"minecraft:oak_sapling":1,"minecraft:arrow":2,"minecraft:birch_log":2,"minecraft:bone":1}},"DataVersion":2724}