{"stats":{"minecraft:crafted":{"minecraft:cooked_beef":7,"minecraft:oak_planks":100,"minecraft:cooked_porkchop":2,"minecraft:crafting_table":1,"minecraft:wooden_pickaxe":1,"minecraft:furnace":1,"minecraft:birch_planks":12,"minecraft:stone_axe":1,"minecraft:air":0,"minecraft:oak_boat":1,"minecraft:stick":12,"minecraft:stone_pickaxe":1,"minecraft:wooden_axe":1,"minecraft:stone_sword":1,"minecraft:torch":12},"minecraft:mined":{"minecraft:mossy_cobblestone":17,"minecraft:stripped_birch_log":1,"minecraft:crafting_table":4,"minecraft:torch":7,"minecraft:grass_block":14,"minecraft:copper_ore":8,"minecraft:spruce_leaves":5,"minecraft:oak_planks":29,"minecraft:wall_torch":1,"minecraft:furnace":1,"minecraft:birch_log":10,"minecraft:sweet_berry_bush":5,"minecraft:spruce_log":9,"minecraft:birch_leaves":3,"minecraft:grass":2,"minecraft:oak_log":31,"minecraft:coal_ore":19,"minecraft:gravel":2,"minecraft:dirt":4,"minecraft:stone":20,"minecraft:fern":2,"minecraft:oak_leaves":72},"minecraft:killed_by":{"minecraft:skeleton":1},"minecraft:custom":{"minecraft:interact_with_furnace":4,"minecraft:mob_kills":16,"minecraft:interact_with_crafting_table":9,"minecraft:time_since_death":14265,"minecraft:time_since_rest":14298,"minecraft:sprint_one_cm":74678,"minecraft:damage_taken":600,"minecraft:walk_one_cm":151334,"minecraft:drop":15,"minecraft:damage_dealt":1421,"minecraft:swim_one_cm":4019,"minecraft:fly_one_cm":37623,"minecraft:crouch_one_cm":5950,"minecraft:play_time":34612,"minecraft:deaths":1,"minecraft:sneak_time":2056,"minecraft:walk_under_water_one_cm":470,"minecraft:boat_one_cm":13872,"minecraft:jump":614,"minecraft:walk_on_water_one_cm":4956,"minecraft:total_world_time":34612,"minecraft:fall_one_cm":7572},"minecraft:killed":{"minecraft:pig":4,"minecraft:sheep":6,"minecraft:skeleton":1,"minecraft:cow":3},"minecraft:picked_up":{"minecraft:birch_log":17,"minecraft:crafting_table":4,"minecraft:leather":6,"minecraft:oak_log":30,"minecraft:dirt":19,"minecraft:stripped_birch_log":2,"minecraft:raw_copper":20,"minecraft:bone":9,"minecraft:bow":3,"minecraft:wheat_seeds":2,"minecraft:beef":14,"minecraft:stone_pickaxe":1,"minecraft:oak_planks":70,"minecraft:furnace":2,"minecraft:stick":4,"minecraft:sweet_berries":7,"minecraft:torch":13,"minecraft:gravel":1,"minecraft:porkchop":9,"minecraft:spruce_sapling":1,"minecraft:ink_sac":2,"minecraft:spruce_log":9,"minecraft:mossy_cobblestone":11,"minecraft:stone_sword":2,"minecraft:arrow":8,"minecraft:stone_axe":1,"minecraft:gray_wool":4,"minecraft:oak_sapling":5,"minecraft:cod":1,"minecraft:mutton":17,"minecraft:coal":27,"minecraft:white_wool":6,"minecraft:cobblestone":21},"minecraft:used":{"minecraft:stone_sword":40,"minecraft:stone_pickaxe":58,"minecraft:oak_planks":65,"minecraft:wooden_pickaxe":18,"minecraft:torch":16,"minecraft:dirt":15,"minecraft:crafting_table":3,"minecraft:wooden_axe":35,"minecraft:stone_axe":80,"minecraft:furnace":1,"minecraft:cooked_porkchop":2,"minecraft:cooked_beef":2},"minecraft:dropped":{"minecraft:furnace":1,"minecraft:cooked_beef":3,"minecraft:stone_sword":1,"minecraft:dirt":1,"minecraft:mutton":2,"minecraft:oak_boat":1,"minecraft:oak_sapling":1,"minecraft:arrow":2,"minecraft:birch_log":2,"minecraft:bone":1}},"DataVersion":2724}