{"stats":{"minecraft:crafted":{"minecraft:cooked_beef":7,"minecraft:oak_planks":100,"minecraft:cooked_porkchop":2,"minecraft:crafting_table":1,"minecraft:wooden_pickaxe":1,"minecraft:furnace":1,"minecraft:birch_planks":12,"minecraft:stone_axe":1,"minecraft:cooked_mutton":8,"minecraft:air":0,"minecraft:oak_boat":2,"minecraft:white_dye":3,"minecraft:stick":12,"minecraft:stone_pickaxe":1,"minecraft:wooden_axe":1,"minecraft:stone_sword":1,"minecraft:white_bed":2,"minecraft:torch":12},"minecraft:mined":{"minecraft:white_bed":7,"minecraft:mossy_cobblestone":19,"minecraft:lily_of_the_valley":3,"minecraft:stripped_birch_log":1,"minecraft:crafting_table":6,"minecraft:torch":7,"minecraft:granite":7,"minecraft:grass_block":14,"minecraft:copper_ore":8,"minecraft:spruce_leaves":8,"minecraft:sugar_cane":2,"minecraft:oak_planks":29,"minecraft:wall_torch":1,"minecraft:furnace":1,"minecraft:birch_log":10,"minecraft:iron_ore":6,"minecraft:sweet_berry_bush":5,"minecraft:spruce_log":15,"minecraft:birch_leaves":3,"minecraft:pumpkin":4,"minecraft:bee_nest":1,"minecraft:grass":3,"minecraft:oak_log":40,"minecraft:coal_ore":42,"minecraft:sand":1,"minecraft:gravel":2,"minecraft:dirt":4,"minecraft:stone":33,"minecraft:fern":2,"minecraft:oak_leaves":72},"minecraft:killed_by":{"minecraft:skeleton":1},"minecraft:custom":{"minecraft:interact_with_furnace":13,"minecraft:mob_kills":23,"minecraft:interact_with_crafting_table":11,"minecraft:time_since_death":50265,"minecraft:sleep_in_bed":3,"minecraft:time_since_rest":3429,"minecraft:sprint_one_cm":183886,"minecraft:damage_taken":720,"minecraft:walk_one_cm":287820,"minecraft:drop":24,"minecraft:damage_dealt":2084,"minecraft:swim_one_cm":4582,"minecraft:fly_one_cm":118118,"minecraft:crouch_one_cm":6216,"minecraft:play_time":70612,"minecraft:deaths":1,"minecraft:sneak_time":2169,"minecraft:walk_under_water_one_cm":3214,"minecraft:boat_one_cm":240487,"minecraft:jump":1320,"minecraft:walk_on_water_one_cm":9257,"minecraft:total_world_time":70612,"minecraft:fall_one_cm":19519,"minecraft:horse_one_cm":603},"minecraft:killed":{"minecraft:pig":4,"minecraft:sheep":6,"minecraft:skeleton":1,"minecraft:bee":1,"minecraft:chicken":2,"minecraft:cow":7},"minecraft:picked_up":{"minecraft:birch_log":17,"minecraft:crafting_table":6,"minecraft:feather":1,"minecraft:chicken":2,"minecraft:leather":13,"minecraft:oak_log":38,"minecraft:dirt":20,"minecraft:stripped_birch_log":2,"minecraft:raw_copper":20,"minecraft:bone":9,"minecraft:bow":3,"minecraft:wheat_seeds":3,"minecraft:red_dye":1,"minecraft:beef":26,"minecraft:stone_pickaxe":1,"minecraft:oak_boat":5,"minecraft:sugar_cane":4,"minecraft:oak_planks":70,"minecraft:furnace":2,"minecraft:raw_iron":5,"minecraft:stick":4,"minecraft:pumpkin":3,"minecraft:sweet_berries":7,"minecraft:torch":13,"minecraft:gravel":1,"minecraft:porkchop":9,"minecraft:lily_of_the_valley":3,"minecraft:spruce_sapling":1,"minecraft:ink_sac":2,"minecraft:white_bed":7,"minecraft:spruce_log":14,"minecraft:mossy_cobblestone":14,"minecraft:stone_sword":2,"minecraft:arrow":8,"minecraft:stone_axe":1,"minecraft:granite":5,"minecraft:gray_wool":4,"minecraft:oak_sapling":5,"minecraft:cod":1,"minecraft:mutton":17,"minecraft:coal":50,"minecraft:white_wool":9,"minecraft:cobblestone":35},"minecraft:used":{"minecraft:cooked_mutton":2,"minecraft:stone_sword":53,"minecraft:stone_pickaxe":109,"minecraft:oak_planks":65,"minecraft:wooden_pickaxe":18,"minecraft:torch":19,"minecraft:dirt":15,"minecraft:crafting_table":5,"minecraft:white_bed":7,"minecraft:wooden_axe":35,"minecraft:stone_axe":108,"minecraft:furnace":1,"minecraft:cooked_porkchop":2,"minecraft:oak_boat":5,"minecraft:cooked_beef":4},"minecraft:dropped":{"minecraft:furnace":1,"minecraft:wheat_seeds":1,"minecraft:cooked_beef":3,"minecraft:stone_sword":1,"minecraft:raw_copper":20,"minecraft:feather":1,"minecraft:cooked_mutton":2,"minecraft:dirt":1,"minecraft:gray_wool":2,"minecraft:ink_sac":1,"minecraft:mutton":2,"minecraft:oak_boat":1,"minecraft:oak_sapling":1,"minecraft:white_dye":2,"minecraft:arrow":2,"minecraft:birch_log":2,"minecraft:bone":1}},"DataVersion":2724}