{"stats":{"minecraft:broken":{"minecraft:stone_pickaxe":1,"minecraft:stone_axe":1},"minecraft:crafted":{"minecraft:oak_door":3,"minecraft:oak_planks":272,"minecraft:stone_shovel":2,"minecraft:leather_boots":1,"minecraft:cooked_chicken":5,"minecraft:furnace":2,"minecraft:cobblestone_stairs":8,"minecraft:cooked_mutton":8,"minecraft:spruce_stairs":4,"minecraft:bow":1,"minecraft:spruce_slab":6,"minecraft:stone_pickaxe":4,"minecraft:chest":3,"minecraft:spruce_boat":1,"minecraft:oak_fence":3,"minecraft:cooked_beef":7,"minecraft:cooked_porkchop":2,"minecraft:crafting_table":3,"minecraft:spruce_planks":56,"minecraft:wooden_pickaxe":1,"minecraft:iron_sword":2,"minecraft:bucket":1,"minecraft:birch_planks":12,"minecraft:stone_axe":1,"minecraft:air":0,"minecraft:oak_boat":2,"minecraft:spruce_trapdoor":2,"minecraft:shield":2,"minecraft:white_dye":3,"minecraft:iron_ingot":16,"minecraft:stick":32,"minecraft:leather_chestplate":1,"minecraft:iron_pickaxe":2,"minecraft:wooden_axe":1,"minecraft:stone_sword":3,"minecraft:white_bed":2,"minecraft:torch":12},"minecraft:mined":{"minecraft:spruce_planks":6,"minecraft:white_bed":8,"minecraft:mossy_cobblestone":21,"minecraft:oak_door":1,"minecraft:cobblestone_stairs":1,"minecraft:stripped_birch_log":1,"minecraft:granite":12,"minecraft:grass_block":23,"minecraft:spruce_leaves":8,"minecraft:furnace":4,"minecraft:iron_ore":30,"minecraft:andesite":6,"minecraft:pumpkin":4,"minecraft:stone":275,"minecraft:spruce_slab":5,"minecraft:lily_of_the_valley":3,"minecraft:oak_fence":1,"minecraft:crafting_table":9,"minecraft:torch":8,"minecraft:chest":3,"minecraft:copper_ore":8,"minecraft:cobblestone":21,"minecraft:sugar_cane":2,"minecraft:oak_planks":29,"minecraft:wall_torch":5,"minecraft:birch_log":10,"minecraft:sweet_berry_bush":5,"minecraft:spruce_log":15,"minecraft:birch_leaves":3,"minecraft:bee_nest":1,"minecraft:grass":3,"minecraft:oak_log":41,"minecraft:coal_ore":94,"minecraft:gravel":2,"minecraft:sand":1,"minecraft:dirt":5,"minecraft:oak_leaves":72,"minecraft:fern":2},"minecraft:killed_by":{"minecraft:creeper":1,"minecraft:skeleton":3},"minecraft:custom":{"minecraft:mob_kills":39,"minecraft:interact_with_crafting_table":50,"minecraft:leave_game":3,"minecraft:time_since_death":110702,"minecraft:climb_one_cm":13989,"minecraft:sprint_one_cm":360780,"minecraft:walk_one_cm":764055,"minecraft:damage_blocked_by_shield":240,"minecraft:drop":36,"minecraft:play_time":249903,"minecraft:deaths":4,"minecraft:sneak_time":5074,"minecraft:walk_under_water_one_cm":11786,"minecraft:boat_one_cm":241041,"minecraft:jump":2661,"minecraft:walk_on_water_one_cm":16825,"minecraft:total_world_time":249903,"minecraft:interact_with_furnace":29,"minecraft:sleep_in_bed":9,"minecraft:time_since_rest":10610,"minecraft:damage_taken":2476,"minecraft:damage_dealt":5168,"minecraft:swim_one_cm":4779,"minecraft:fly_one_cm":209773,"minecraft:open_chest":37,"minecraft:crouch_one_cm":15274,"minecraft:fall_one_cm":37342,"minecraft:horse_one_cm":603},"minecraft:killed":{"minecraft:spider":2,"minecraft:skeleton":4,"minecraft:bee":1,"minecraft:chicken":5,"minecraft:pig":4,"minecraft:sheep":6,"minecraft:pillager":1,"minecraft:zombie":4,"minecraft:enderman":3,"minecraft:cow":7},"minecraft:picked_up":{"minecraft:crafting_table":9,"minecraft:chicken":5,"minecraft:shield":1,"minecraft:string":3,"minecraft:raw_copper":20,"minecraft:bucket":3,"minecraft:spruce_planks":139,"minecraft:beef":26,"minecraft:red_dye":1,"minecraft:oak_boat":6,"minecraft:iron_pickaxe":1,"minecraft:spruce_slab":6,"minecraft:sugar_cane":4,"minecraft:chest":3,"minecraft:furnace":6,"minecraft:stick":11,"minecraft:raw_iron":39,"minecraft:oak_door":1,"minecraft:oak_fence":6,"minecraft:torch":61,"minecraft:spruce_stairs":1,"minecraft:porkchop":9,"minecraft:stone_sword":13,"minecraft:arrow":36,"minecraft:rotten_flesh":3,"minecraft:stone_shovel":3,"minecraft:mutton":17,"minecraft:cod":4,"minecraft:white_wool":9,"minecraft:cobblestone":520,"minecraft:birch_log":24,"minecraft:leather_chestplate":5,"minecraft:feather":4,"minecraft:cooked_beef":11,"minecraft:andesite":6,"minecraft:leather":13,"minecraft:oak_log":167,"minecraft:cobblestone_stairs":1,"minecraft:stripped_birch_log":3,"minecraft:dirt":42,"minecraft:bone":25,"minecraft:bow":4,"minecraft:wheat_seeds":6,"minecraft:iron_ingot":4,"minecraft:stone_pickaxe":7,"minecraft:cooked_chicken":13,"minecraft:iron_sword":1,"minecraft:oak_planks":145,"minecraft:pumpkin":6,"minecraft:sweet_berries":11,"minecraft:gravel":5,"minecraft:spider_eye":1,"minecraft:spruce_sapling":2,"minecraft:ink_sac":2,"minecraft:white_bed":8,"minecraft:spruce_log":14,"minecraft:lily_of_the_valley":3,"minecraft:mossy_cobblestone":20,"minecraft:spruce_boat":5,"minecraft:stone_axe":4,"minecraft:granite":20,"minecraft:gray_wool":4,"minecraft:oak_sapling":14,"minecraft:coal":152,"minecraft:ender_pearl":2},"minecraft:used":{"minecraft:oak_fence":5,"minecraft:stone_sword":77,"minecraft:spruce_slab":9,"minecraft:chest":6,"minecraft:spruce_planks":13,"minecraft:shield":8,"minecraft:iron_sword":67,"minecraft:rotten_flesh":3,"minecraft:cooked_chicken":5,"minecraft:oak_door":2,"minecraft:torch":57,"minecraft:dirt":15,"minecraft:spruce_stairs":1,"minecraft:spruce_boat":5,"minecraft:wooden_axe":35,"minecraft:sweet_berries":7,"minecraft:furnace":6,"minecraft:cooked_beef":9,"minecraft:cooked_mutton":6,"minecraft:water_bucket":2,"minecraft:cobblestone_stairs":9,"minecraft:stone_pickaxe":307,"minecraft:oak_planks":73,"minecraft:ender_pearl":1,"minecraft:wooden_pickaxe":18,"minecraft:mossy_cobblestone":16,"minecraft:crafting_table":11,"minecraft:white_bed":10,"minecraft:cod":1,"minecraft:iron_pickaxe":160,"minecraft:spruce_trapdoor":2,"minecraft:gravel":3,"minecraft:stone_axe":133,"minecraft:cobblestone":111,"minecraft:cooked_porkchop":2,"minecraft:bucket":3,"minecraft:oak_boat":5},"minecraft:dropped":{"minecraft:iron_sword":1,"minecraft:wheat_seeds":1,"minecraft:cooked_beef":3,"minecraft:ender_pearl":1,"minecraft:mossy_cobblestone":1,"minecraft:feather":1,"minecraft:cobblestone":2,"minecraft:dirt":1,"minecraft:gray_wool":2,"minecraft:ink_sac":1,"minecraft:mutton":2,"minecraft:birch_log":2,"minecraft:bone":1,"minecraft:furnace":1,"minecraft:stone_sword":1,"minecraft:raw_copper":20,"minecraft:stone_shovel":1,"minecraft:cooked_mutton":2,"minecraft:leather_chestplate":1,"minecraft:shield":1,"minecraft:leather_boots":1,"minecraft:oak_boat":1,"minecraft:oak_sapling":2,"minecraft:white_dye":2,"minecraft:arrow":6,"minecraft:stone_pickaxe":1}},"DataVersion":2724}