{"stats":{"minecraft:crafted":{"minecraft:cooked_beef":7,"minecraft:oak_planks":100,"minecraft:cooked_porkchop":2,"minecraft:crafting_table":1,"minecraft:spruce_planks":56,"minecraft:wooden_pickaxe":1,"minecraft:iron_sword":1,"minecraft:furnace":1,"minecraft:cobblestone_stairs":8,"minecraft:bucket":1,"minecraft:birch_planks":12,"minecraft:stone_axe":1,"minecraft:cooked_mutton":8,"minecraft:air":0,"minecraft:oak_boat":2,"minecraft:white_dye":3,"minecraft:stick":16,"minecraft:iron_ingot":5,"minecraft:stone_pickaxe":2,"minecraft:wooden_axe":1,"minecraft:stone_sword":3,"minecraft:chest":1,"minecraft:white_bed":2,"minecraft:torch":12},"minecraft:broken":{"minecraft:stone_pickaxe":1},"minecraft:mined":{"minecraft:white_bed":7,"minecraft:mossy_cobblestone":21,"minecraft:lily_of_the_valley":3,"minecraft:cobblestone_stairs":1,"minecraft:stripped_birch_log":1,"minecraft:crafting_table":8,"minecraft:torch":7,"minecraft:granite":12,"minecraft:grass_block":23,"minecraft:cobblestone":15,"minecraft:copper_ore":8,"minecraft:spruce_leaves":8,"minecraft:oak_planks":29,"minecraft:sugar_cane":2,"minecraft:wall_torch":1,"minecraft:furnace":3,"minecraft:birch_log":10,"minecraft:iron_ore":6,"minecraft:sweet_berry_bush":5,"minecraft:spruce_log":15,"minecraft:birch_leaves":3,"minecraft:pumpkin":4,"minecraft:bee_nest":1,"minecraft:grass":3,"minecraft:oak_log":41,"minecraft:coal_ore":42,"minecraft:gravel":2,"minecraft:sand":1,"minecraft:dirt":4,"minecraft:stone":156,"minecraft:oak_leaves":72,"minecraft:fern":2},"minecraft:killed_by":{"minecraft:skeleton":1},"minecraft:custom":{"minecraft:interact_with_furnace":17,"minecraft:mob_kills":26,"minecraft:interact_with_crafting_table":20,"minecraft:leave_game":1,"minecraft:time_since_death":98044,"minecraft:sleep_in_bed":6,"minecraft:climb_one_cm":5587,"minecraft:time_since_rest":3801,"minecraft:sprint_one_cm":238350,"minecraft:damage_taken":1080,"minecraft:walk_one_cm":449491,"minecraft:drop":26,"minecraft:damage_dealt":2204,"minecraft:swim_one_cm":4582,"minecraft:fly_one_cm":139611,"minecraft:open_chest":6,"minecraft:crouch_one_cm":8843,"minecraft:play_time":118391,"minecraft:sneak_time":3146,"minecraft:deaths":1,"minecraft:walk_under_water_one_cm":10798,"minecraft:boat_one_cm":240487,"minecraft:jump":1692,"minecraft:walk_on_water_one_cm":12465,"minecraft:total_world_time":118391,"minecraft:fall_one_cm":25679,"minecraft:horse_one_cm":603},"minecraft:killed":{"minecraft:pig":4,"minecraft:skeleton":1,"minecraft:sheep":6,"minecraft:bee":1,"minecraft:chicken":5,"minecraft:cow":7},"minecraft:picked_up":{"minecraft:birch_log":17,"minecraft:crafting_table":8,"minecraft:feather":1,"minecraft:chicken":5,"minecraft:leather":13,"minecraft:oak_log":38,"minecraft:cobblestone_stairs":1,"minecraft:dirt":29,"minecraft:stripped_birch_log":2,"minecraft:raw_copper":20,"minecraft:bone":9,"minecraft:bow":3,"minecraft:wheat_seeds":3,"minecraft:red_dye":1,"minecraft:beef":26,"minecraft:stone_pickaxe":1,"minecraft:oak_boat":5,"minecraft:sugar_cane":4,"minecraft:oak_planks":70,"minecraft:furnace":5,"minecraft:stick":4,"minecraft:raw_iron":5,"minecraft:pumpkin":3,"minecraft:sweet_berries":7,"minecraft:torch":13,"minecraft:gravel":1,"minecraft:porkchop":9,"minecraft:spruce_sapling":1,"minecraft:ink_sac":2,"minecraft:white_bed":7,"minecraft:spruce_log":14,"minecraft:lily_of_the_valley":3,"minecraft:mossy_cobblestone":17,"minecraft:stone_sword":2,"minecraft:arrow":12,"minecraft:stone_axe":1,"minecraft:granite":10,"minecraft:gray_wool":4,"minecraft:oak_sapling":5,"minecraft:mutton":17,"minecraft:cod":1,"minecraft:coal":71,"minecraft:white_wool":9,"minecraft:cobblestone":196},"minecraft:used":{"minecraft:cooked_mutton":6,"minecraft:water_bucket":1,"minecraft:stone_sword":59,"minecraft:cobblestone_stairs":9,"minecraft:stone_pickaxe":259,"minecraft:oak_planks":65,"minecraft:spruce_planks":13,"minecraft:chest":1,"minecraft:wooden_pickaxe":18,"minecraft:torch":25,"minecraft:mossy_cobblestone":15,"minecraft:dirt":15,"minecraft:crafting_table":8,"minecraft:white_bed":9,"minecraft:wooden_axe":35,"minecraft:stone_axe":119,"minecraft:cobblestone":77,"minecraft:furnace":4,"minecraft:cooked_porkchop":2,"minecraft:bucket":1,"minecraft:oak_boat":5,"minecraft:cooked_beef":4},"minecraft:dropped":{"minecraft:furnace":1,"minecraft:wheat_seeds":1,"minecraft:cooked_beef":3,"minecraft:stone_sword":1,"minecraft:raw_copper":20,"minecraft:mossy_cobblestone":1,"minecraft:feather":1,"minecraft:cooked_mutton":2,"minecraft:dirt":1,"minecraft:gray_wool":2,"minecraft:ink_sac":1,"minecraft:mutton":2,"minecraft:oak_boat":1,"minecraft:oak_sapling":1,"minecraft:white_dye":2,"minecraft:arrow":6,"minecraft:birch_log":2,"minecraft:bone":1}},"DataVersion":2724}