{"stats":{"minecraft:broken":{"minecraft:stone_pickaxe":3,"minecraft:wooden_axe":1,"minecraft:golden_hoe":1,"minecraft:iron_pickaxe":2},"minecraft:crafted":{"minecraft:oak_planks":416,"minecraft:smooth_stone":3,"minecraft:cobblestone_slab":164,"minecraft:oak_sign":3,"minecraft:chain":9,"minecraft:stone":174,"minecraft:cobblestone_stairs":44,"minecraft:lever":2,"minecraft:cooked_mutton":3,"minecraft:stone_brick_slab":6,"minecraft:iron_boots":2,"minecraft:chest":9,"minecraft:chiseled_stone_bricks":4,"minecraft:stone_bricks":92,"minecraft:oak_fence":30,"minecraft:smoker":1,"minecraft:item_frame":4,"minecraft:cooked_porkchop":12,"minecraft:crafting_table":5,"minecraft:spruce_planks":72,"minecraft:iron_helmet":2,"minecraft:stone_brick_stairs":14,"minecraft:spruce_trapdoor":4,"minecraft:iron_chestplate":2,"minecraft:yellow_dye":1,"minecraft:stick":268,"minecraft:iron_ingot":131,"minecraft:iron_pickaxe":3,"minecraft:iron_block":1,"minecraft:stone_sword":1,"minecraft:gray_carpet":3,"minecraft:oak_door":3,"minecraft:stone_shovel":1,"minecraft:iron_nugget":180,"minecraft:furnace":6,"minecraft:blast_furnace":1,"minecraft:bone_meal":3,"minecraft:spruce_fence":12,"minecraft:oak_trapdoor":2,"minecraft:glass_pane":160,"minecraft:lantern":20,"minecraft:spruce_stairs":120,"minecraft:iron_axe":2,"minecraft:ladder":54,"minecraft:spruce_slab":78,"minecraft:stone_pickaxe":3,"minecraft:spruce_boat":1,"minecraft:wheat":306,"minecraft:cooked_beef":22,"minecraft:red_dye":1,"minecraft:iron_sword":1,"minecraft:bucket":1,"minecraft:stone_axe":1,"minecraft:bread":102,"minecraft:air":0,"minecraft:oak_fence_gate":2,"minecraft:oak_boat":1,"minecraft:wooden_axe":1,"minecraft:oak_stairs":20,"minecraft:iron_shovel":1,"minecraft:iron_leggings":2,"minecraft:stonecutter":1,"minecraft:anvil":1,"minecraft:white_bed":1,"minecraft:torch":176},"minecraft:mined":{"minecraft:spruce_planks":2,"minecraft:white_bed":6,"minecraft:cobblestone_stairs":6,"minecraft:brewing_stand":1,"minecraft:spruce_trapdoor":5,"minecraft:granite":2,"minecraft:grass_block":59,"minecraft:oak_wall_sign":3,"minecraft:magma_block":1,"minecraft:iron_ore":134,"minecraft:pumpkin":6,"minecraft:spruce_slab":16,"minecraft:smoker":2,"minecraft:torch":6,"minecraft:blast_furnace":3,"minecraft:poppy":1,"minecraft:chest":4,"minecraft:cobblestone":272,"minecraft:sugar_cane":53,"minecraft:oak_planks":2,"minecraft:wall_torch":18,"minecraft:chain":5,"minecraft:stone_brick_stairs":2,"minecraft:grass":28,"minecraft:oak_log":120,"minecraft:sand":69,"minecraft:dirt":131,"minecraft:stonecutter":1,"minecraft:netherrack":2,"minecraft:oak_leaves":22,"minecraft:mossy_cobblestone":10,"minecraft:oak_door":8,"minecraft:lever":2,"minecraft:ladder":14,"minecraft:spruce_fence":11,"minecraft:spruce_leaves":25,"minecraft:cartography_table":1,"minecraft:large_fern":4,"minecraft:hay_block":33,"minecraft:furnace":7,"minecraft:andesite":19,"minecraft:bell":3,"minecraft:cobblestone_slab":23,"minecraft:stripped_oak_log":2,"minecraft:stone":586,"minecraft:glass_pane":4,"minecraft:stone_brick_slab":5,"minecraft:dandelion":1,"minecraft:oak_fence":13,"minecraft:crafting_table":7,"minecraft:tall_grass":5,"minecraft:spruce_stairs":21,"minecraft:cactus":1,"minecraft:sweet_berry_bush":18,"minecraft:ice":1,"minecraft:spruce_log":18,"minecraft:white_wall_banner":2,"minecraft:yellow_bed":2,"minecraft:coal_ore":153,"minecraft:gravel":2,"minecraft:stone_bricks":9,"minecraft:infested_stone":1},"minecraft:custom":{"minecraft:interact_with_crafting_table":119,"minecraft:bell_ring":19,"minecraft:leave_game":13,"minecraft:time_since_death":542902,"minecraft:sprint_one_cm":1355728,"minecraft:damage_blocked_by_shield":1150,"minecraft:drop":118,"minecraft:talked_to_villager":8,"minecraft:play_time":542902,"minecraft:jump":6663,"minecraft:walk_on_water_one_cm":20644,"minecraft:interact_with_furnace":97,"minecraft:interact_with_cartography_table":4,"minecraft:sleep_in_bed":21,"minecraft:damage_dealt":19430,"minecraft:crouch_one_cm":101551,"minecraft:interact_with_smoker":8,"minecraft:horse_one_cm":517300,"minecraft:interact_with_smithing_table":1,"minecraft:mob_kills":125,"minecraft:interact_with_anvil":2,"minecraft:climb_one_cm":41884,"minecraft:walk_one_cm":1302495,"minecraft:sneak_time":27433,"minecraft:walk_under_water_one_cm":6580,"minecraft:boat_one_cm":317636,"minecraft:interact_with_blast_furnace":21,"minecraft:total_world_time":542902,"minecraft:pot_flower":1,"minecraft:interact_with_stonecutter":12,"minecraft:time_since_rest":11678,"minecraft:damage_taken":3402,"minecraft:swim_one_cm":11470,"minecraft:fly_one_cm":1235480,"minecraft:open_chest":334,"minecraft:fall_one_cm":154881},"minecraft:killed":{"minecraft:witch":1,"minecraft:spider":8,"minecraft:cod":5,"minecraft:skeleton":38,"minecraft:chicken":3,"minecraft:pig":14,"minecraft:creeper":3,"minecraft:sheep":6,"minecraft:pillager":2,"minecraft:zombie":34,"minecraft:cow":5,"minecraft:wandering_trader":2,"minecraft:enderman":4},"minecraft:picked_up":{"minecraft:wooden_axe":2,"minecraft:lead":20,"minecraft:oak_stairs":1,"minecraft:stone_brick_stairs":2,"minecraft:brewing_stand":1,"minecraft:string":3,"minecraft:oak_sign":3,"minecraft:spruce_planks":1,"minecraft:cobblestone_slab":40,"minecraft:furnace":9,"minecraft:stick":15,"minecraft:oak_fence":19,"minecraft:torch":29,"minecraft:spruce_stairs":21,"minecraft:porkchop":33,"minecraft:stone_sword":2,"minecraft:cactus":3,"minecraft:rotten_flesh":28,"minecraft:iron_block":2,"minecraft:cod":5,"minecraft:cobblestone":811,"minecraft:birch_log":2,"minecraft:magma_block":1,"minecraft:leather_chestplate":1,"minecraft:feather":3,"minecraft:cooked_beef":3,"minecraft:andesite":40,"minecraft:smoker":2,"minecraft:dirt":313,"minecraft:lantern":3,"minecraft:leather_boots":1,"minecraft:bone":75,"minecraft:stonecutter":1,"minecraft:bow":7,"minecraft:wheat_seeds":9,"minecraft:bell":3,"minecraft:glowstone_dust":4,"minecraft:oak_planks":42,"minecraft:cooked_porkchop":7,"minecraft:sand":83,"minecraft:ink_sac":1,"minecraft:grass_block":3,"minecraft:mossy_cobblestone":12,"minecraft:spruce_boat":2,"minecraft:lever":2,"minecraft:granite":6,"minecraft:oak_sapling":8,"minecraft:netherrack":2,"minecraft:crafting_table":9,"minecraft:chicken":6,"minecraft:ladder":40,"minecraft:wooden_pickaxe":2,"minecraft:chain":5,"minecraft:shield":2,"minecraft:item_frame":2,"minecraft:cartography_table":1,"minecraft:beef":18,"minecraft:oak_boat":12,"minecraft:poppy":1,"minecraft:spruce_slab":37,"minecraft:light_gray_wool":1,"minecraft:sugar_cane":103,"minecraft:chest":4,"minecraft:spruce_trapdoor":5,"minecraft:egg":28,"minecraft:raw_iron":135,"minecraft:oak_door":8,"minecraft:spruce_fence":11,"minecraft:white_dye":2,"minecraft:redstone":2,"minecraft:arrow":38,"minecraft:stone_shovel":3,"minecraft:hay_block":34,"minecraft:saddle":1,"minecraft:mutton":10,"minecraft:white_wool":6,"minecraft:stripped_oak_log":2,"minecraft:leather":6,"minecraft:red_mushroom":1,"minecraft:oak_log":125,"minecraft:yellow_bed":2,"minecraft:gunpowder":6,"minecraft:cobblestone_stairs":6,"minecraft:white_banner":3,"minecraft:cooked_mutton":6,"minecraft:stone_bricks":8,"minecraft:stone_pickaxe":4,"minecraft:iron_ingot":73,"minecraft:glass_bottle":2,"minecraft:iron_sword":1,"minecraft:pumpkin":9,"minecraft:sweet_berries":69,"minecraft:stone_brick_slab":7,"minecraft:dandelion":6,"minecraft:gravel":11,"minecraft:spruce_sapling":3,"minecraft:blast_furnace":3,"minecraft:white_bed":6,"minecraft:spruce_log":18,"minecraft:spider_eye":2,"minecraft:stone_axe":2,"minecraft:gray_wool":2,"minecraft:coal":231,"minecraft:ender_pearl":6},"minecraft:used":{"minecraft:iron_shovel":102,"minecraft:spruce_slab":147,"minecraft:ladder":42,"minecraft:oak_sign":4,"minecraft:chest":13,"minecraft:shield":33,"minecraft:stone":9,"minecraft:iron_sword":348,"minecraft:bell":3,"minecraft:spruce_boat":1,"minecraft:lantern":23,"minecraft:stone_brick_stairs":27,"minecraft:stone_bricks":189,"minecraft:item_frame":6,"minecraft:bow":14,"minecraft:sweet_berries":69,"minecraft:furnace":11,"minecraft:egg":23,"minecraft:gray_carpet":1,"minecraft:stone_pickaxe":426,"minecraft:oak_planks":21,"minecraft:ender_pearl":1,"minecraft:leather_chestplate":1,"minecraft:wooden_pickaxe":24,"minecraft:sugar_cane":103,"minecraft:golden_hoe":32,"minecraft:sand":185,"minecraft:blast_furnace":4,"minecraft:lever":2,"minecraft:gravel":1,"minecraft:fire_charge":1,"minecraft:chain":12,"minecraft:oak_boat":10,"minecraft:bone_meal":3,"minecraft:oak_trapdoor":2,"minecraft:oak_fence":29,"minecraft:stone_sword":33,"minecraft:stone_shovel":131,"minecraft:spruce_planks":1,"minecraft:oak_door":9,"minecraft:torch":148,"minecraft:brewing_stand":1,"minecraft:dirt":663,"minecraft:anvil":1,"minecraft:spruce_stairs":134,"minecraft:spruce_fence":12,"minecraft:oak_fence_gate":2,"minecraft:stone_brick_slab":34,"minecraft:wooden_axe":27,"minecraft:iron_axe":146,"minecraft:oak_stairs":18,"minecraft:light_gray_wool":1,"minecraft:cooked_beef":7,"minecraft:pumpkin":5,"minecraft:cooked_mutton":7,"minecraft:water_bucket":26,"minecraft:cobblestone_stairs":44,"minecraft:cartography_table":1,"minecraft:stonecutter":2,"minecraft:cobblestone_slab":161,"minecraft:leather_boots":1,"minecraft:mossy_cobblestone":2,"minecraft:crafting_table":11,"minecraft:white_bed":5,"minecraft:painting":1,"minecraft:smoker":3,"minecraft:oak_log":239,"minecraft:apple":1,"minecraft:iron_pickaxe":806,"minecraft:map":1,"minecraft:spruce_trapdoor":5,"minecraft:stone_axe":121,"minecraft:chiseled_stone_bricks":4,"minecraft:cobblestone":798,"minecraft:cooked_porkchop":43,"minecraft:white_banner":3,"minecraft:porkchop":2,"minecraft:bucket":27,"minecraft:glass_pane":105,"minecraft:yellow_bed":2},"minecraft:dropped":{"minecraft:cooked_beef":29,"minecraft:leather":3,"minecraft:red_mushroom":1,"minecraft:cod":5,"minecraft:dirt":7,"minecraft:mutton":2,"minecraft:birch_log":2,"minecraft:white_wool":3,"minecraft:bone":2,"minecraft:oak_door":1,"minecraft:stone_axe":1,"minecraft:rotten_flesh":11,"minecraft:oak_planks":125,"minecraft:leather_chestplate":1,"minecraft:leather_boots":1,"minecraft:spruce_slab":15,"minecraft:white_dye":2,"minecraft:arrow":2,"minecraft:beef":7,"minecraft:egg":1,"minecraft:golden_boots":1,"minecraft:wheat_seeds":4,"minecraft:mossy_cobblestone":5,"minecraft:oak_fence":5,"minecraft:cobblestone":30,"minecraft:lead":1,"minecraft:coal":8,"minecraft:ink_sac":1,"minecraft:torch":28,"minecraft:iron_axe":1,"minecraft:red_dye":1,"minecraft:string":1,"minecraft:spruce_sapling":1,"minecraft:dandelion":2,"minecraft:furnace":2,"minecraft:stone_sword":1,"minecraft:raw_iron":2,"minecraft:glass_pane":55,"minecraft:oak_sapling":2,"minecraft:spider_eye":1,"minecraft:bow":2,"minecraft:stone_pickaxe":2,"minecraft:magma_block":1}},"DataVersion":2724}