{"stats":{"minecraft:broken":{"minecraft:stone_pickaxe":3,"minecraft:iron_pickaxe":1,"minecraft:wooden_axe":1},"minecraft:crafted":{"minecraft:oak_door":3,"minecraft:smooth_stone":3,"minecraft:oak_planks":240,"minecraft:cobblestone_slab":144,"minecraft:stone_shovel":1,"minecraft:furnace":4,"minecraft:blast_furnace":1,"minecraft:cobblestone_stairs":44,"minecraft:stone":12,"minecraft:bone_meal":3,"minecraft:spruce_fence":12,"minecraft:glass_pane":64,"minecraft:spruce_stairs":120,"minecraft:iron_boots":2,"minecraft:iron_axe":1,"minecraft:ladder":54,"minecraft:spruce_slab":78,"minecraft:stone_pickaxe":3,"minecraft:chest":3,"minecraft:spruce_boat":1,"minecraft:oak_fence":30,"minecraft:smoker":1,"minecraft:cooked_beef":19,"minecraft:red_dye":1,"minecraft:item_frame":1,"minecraft:cooked_porkchop":12,"minecraft:crafting_table":4,"minecraft:spruce_planks":72,"minecraft:iron_helmet":2,"minecraft:bucket":1,"minecraft:stone_axe":1,"minecraft:air":0,"minecraft:oak_fence_gate":2,"minecraft:oak_boat":1,"minecraft:spruce_trapdoor":4,"minecraft:iron_chestplate":2,"minecraft:yellow_dye":1,"minecraft:stick":252,"minecraft:iron_ingot":80,"minecraft:iron_pickaxe":2,"minecraft:wooden_axe":1,"minecraft:stone_sword":1,"minecraft:iron_leggings":2,"minecraft:gray_carpet":3,"minecraft:torch":176},"minecraft:mined":{"minecraft:spruce_planks":2,"minecraft:white_bed":3,"minecraft:mossy_cobblestone":2,"minecraft:oak_door":3,"minecraft:ladder":14,"minecraft:granite":2,"minecraft:grass_block":23,"minecraft:spruce_leaves":23,"minecraft:large_fern":4,"minecraft:furnace":4,"minecraft:iron_ore":134,"minecraft:andesite":19,"minecraft:pumpkin":1,"minecraft:cobblestone_slab":8,"minecraft:stone":450,"minecraft:spruce_slab":10,"minecraft:dandelion":1,"minecraft:crafting_table":4,"minecraft:blast_furnace":1,"minecraft:poppy":1,"minecraft:tall_grass":4,"minecraft:cobblestone":118,"minecraft:sugar_cane":6,"minecraft:wall_torch":5,"minecraft:spruce_stairs":16,"minecraft:sweet_berry_bush":13,"minecraft:ice":1,"minecraft:spruce_log":18,"minecraft:grass":13,"minecraft:oak_log":80,"minecraft:coal_ore":119,"minecraft:sand":26,"minecraft:gravel":2,"minecraft:dirt":34,"minecraft:oak_leaves":11,"minecraft:infested_stone":1},"minecraft:custom":{"minecraft:mob_kills":73,"minecraft:interact_with_crafting_table":70,"minecraft:leave_game":3,"minecraft:time_since_death":268252,"minecraft:climb_one_cm":35204,"minecraft:sprint_one_cm":623403,"minecraft:walk_one_cm":569072,"minecraft:damage_blocked_by_shield":515,"minecraft:drop":71,"minecraft:play_time":268252,"minecraft:sneak_time":12075,"minecraft:walk_under_water_one_cm":1262,"minecraft:boat_one_cm":238717,"minecraft:jump":3392,"minecraft:interact_with_blast_furnace":8,"minecraft:walk_on_water_one_cm":5545,"minecraft:total_world_time":268252,"minecraft:interact_with_furnace":47,"minecraft:sleep_in_bed":8,"minecraft:time_since_rest":34610,"minecraft:damage_taken":2234,"minecraft:damage_dealt":11392,"minecraft:swim_one_cm":3887,"minecraft:fly_one_cm":558435,"minecraft:open_chest":72,"minecraft:crouch_one_cm":43173,"minecraft:interact_with_smoker":1,"minecraft:fall_one_cm":73550,"minecraft:horse_one_cm":8956},"minecraft:killed":{"minecraft:witch":1,"minecraft:spider":4,"minecraft:skeleton":26,"minecraft:chicken":3,"minecraft:pig":7,"minecraft:creeper":2,"minecraft:sheep":5,"minecraft:pillager":1,"minecraft:zombie":17,"minecraft:enderman":2,"minecraft:cow":5},"minecraft:picked_up":{"minecraft:wooden_axe":1,"minecraft:crafting_table":6,"minecraft:ladder":14,"minecraft:chicken":3,"minecraft:wooden_pickaxe":1,"minecraft:shield":1,"minecraft:string":2,"minecraft:spruce_planks":1,"minecraft:beef":18,"minecraft:cobblestone_slab":8,"minecraft:oak_boat":7,"minecraft:poppy":1,"minecraft:spruce_slab":10,"minecraft:light_gray_wool":1,"minecraft:sugar_cane":15,"minecraft:egg":1,"minecraft:furnace":6,"minecraft:raw_iron":135,"minecraft:oak_door":3,"minecraft:torch":10,"minecraft:spruce_stairs":15,"minecraft:porkchop":19,"minecraft:white_dye":2,"minecraft:redstone":1,"minecraft:stone_sword":1,"minecraft:rotten_flesh":14,"minecraft:arrow":25,"minecraft:stone_shovel":1,"minecraft:mutton":10,"minecraft:white_wool":6,"minecraft:cobblestone":580,"minecraft:birch_log":2,"minecraft:leather_chestplate":1,"minecraft:feather":3,"minecraft:cooked_beef":3,"minecraft:andesite":20,"minecraft:leather":6,"minecraft:red_mushroom":1,"minecraft:oak_log":80,"minecraft:gunpowder":3,"minecraft:dirt":56,"minecraft:white_banner":1,"minecraft:leather_boots":1,"minecraft:cooked_mutton":2,"minecraft:bone":30,"minecraft:bow":3,"minecraft:wheat_seeds":4,"minecraft:iron_ingot":3,"minecraft:stone_pickaxe":3,"minecraft:glowstone_dust":2,"minecraft:glass_bottle":1,"minecraft:iron_sword":1,"minecraft:oak_planks":41,"minecraft:cooked_porkchop":7,"minecraft:pumpkin":2,"minecraft:sweet_berries":57,"minecraft:dandelion":1,"minecraft:gravel":11,"minecraft:sand":26,"minecraft:blast_furnace":1,"minecraft:spruce_sapling":1,"minecraft:ink_sac":1,"minecraft:grass_block":1,"minecraft:white_bed":3,"minecraft:spruce_log":18,"minecraft:spider_eye":1,"minecraft:mossy_cobblestone":2,"minecraft:spruce_boat":1,"minecraft:stone_axe":1,"minecraft:granite":3,"minecraft:gray_wool":2,"minecraft:oak_sapling":5,"minecraft:coal":142,"minecraft:ender_pearl":2},"minecraft:used":{"minecraft:oak_fence":24,"minecraft:stone_sword":33,"minecraft:spruce_slab":87,"minecraft:stone_shovel":78,"minecraft:ladder":42,"minecraft:chest":3,"minecraft:shield":15,"minecraft:stone":9,"minecraft:iron_sword":188,"minecraft:oak_door":6,"minecraft:torch":130,"minecraft:dirt":7,"minecraft:spruce_stairs":134,"minecraft:spruce_fence":12,"minecraft:oak_fence_gate":2,"minecraft:spruce_boat":1,"minecraft:wooden_axe":27,"minecraft:iron_axe":26,"minecraft:item_frame":1,"minecraft:light_gray_wool":1,"minecraft:bow":12,"minecraft:sweet_berries":57,"minecraft:furnace":6,"minecraft:cooked_beef":6,"minecraft:cooked_mutton":2,"minecraft:water_bucket":3,"minecraft:cobblestone_stairs":44,"minecraft:stone_pickaxe":426,"minecraft:gray_carpet":1,"minecraft:wooden_pickaxe":24,"minecraft:leather_chestplate":1,"minecraft:sugar_cane":19,"minecraft:cobblestone_slab":133,"minecraft:leather_boots":1,"minecraft:sand":26,"minecraft:crafting_table":8,"minecraft:blast_furnace":2,"minecraft:white_bed":3,"minecraft:smoker":1,"minecraft:oak_log":43,"minecraft:iron_pickaxe":411,"minecraft:spruce_trapdoor":2,"minecraft:gravel":1,"minecraft:stone_axe":121,"minecraft:cobblestone":442,"minecraft:white_banner":1,"minecraft:porkchop":2,"minecraft:cooked_porkchop":21,"minecraft:bucket":4,"minecraft:glass_pane":45,"minecraft:oak_boat":6,"minecraft:bone_meal":3},"minecraft:dropped":{"minecraft:wheat_seeds":2,"minecraft:cooked_beef":11,"minecraft:mossy_cobblestone":1,"minecraft:oak_fence":5,"minecraft:cobblestone":30,"minecraft:leather":3,"minecraft:coal":8,"minecraft:red_mushroom":1,"minecraft:dirt":2,"minecraft:ink_sac":1,"minecraft:torch":28,"minecraft:mutton":2,"minecraft:red_dye":1,"minecraft:string":1,"minecraft:birch_log":2,"minecraft:white_wool":3,"minecraft:spruce_sapling":1,"minecraft:bone":2,"minecraft:furnace":2,"minecraft:stone_axe":1,"minecraft:stone_sword":1,"minecraft:raw_iron":2,"minecraft:rotten_flesh":7,"minecraft:oak_planks":41,"minecraft:leather_chestplate":1,"minecraft:leather_boots":1,"minecraft:oak_sapling":2,"minecraft:spider_eye":1,"minecraft:white_dye":2,"minecraft:arrow":2,"minecraft:bow":1,"minecraft:beef":7,"minecraft:stone_pickaxe":2}},"DataVersion":2724}