{"stats":{"minecraft:broken":{"minecraft:stone_pickaxe":3,"minecraft:iron_pickaxe":1,"minecraft:wooden_axe":1},"minecraft:crafted":{"minecraft:oak_door":3,"minecraft:smooth_stone":3,"minecraft:oak_planks":380,"minecraft:cobblestone_slab":144,"minecraft:stone_shovel":1,"minecraft:furnace":6,"minecraft:blast_furnace":1,"minecraft:stone":75,"minecraft:cobblestone_stairs":44,"minecraft:bone_meal":3,"minecraft:spruce_fence":12,"minecraft:cooked_mutton":3,"minecraft:glass_pane":64,"minecraft:stone_brick_slab":6,"minecraft:spruce_stairs":120,"minecraft:iron_boots":2,"minecraft:iron_axe":2,"minecraft:ladder":54,"minecraft:spruce_slab":78,"minecraft:stone_pickaxe":3,"minecraft:chest":4,"minecraft:spruce_boat":1,"minecraft:stone_bricks":28,"minecraft:oak_fence":30,"minecraft:smoker":1,"minecraft:cooked_beef":22,"minecraft:red_dye":1,"minecraft:item_frame":1,"minecraft:cooked_porkchop":12,"minecraft:crafting_table":5,"minecraft:spruce_planks":72,"minecraft:iron_helmet":2,"minecraft:bucket":1,"minecraft:stone_axe":1,"minecraft:air":0,"minecraft:oak_fence_gate":2,"minecraft:oak_boat":1,"minecraft:spruce_trapdoor":4,"minecraft:iron_chestplate":2,"minecraft:yellow_dye":1,"minecraft:stick":252,"minecraft:iron_ingot":131,"minecraft:oak_stairs":20,"minecraft:iron_pickaxe":2,"minecraft:wooden_axe":1,"minecraft:iron_block":1,"minecraft:stone_sword":1,"minecraft:iron_shovel":1,"minecraft:iron_leggings":2,"minecraft:stonecutter":1,"minecraft:anvil":1,"minecraft:gray_carpet":3,"minecraft:torch":176},"minecraft:mined":{"minecraft:spruce_planks":2,"minecraft:white_bed":3,"minecraft:mossy_cobblestone":2,"minecraft:oak_door":3,"minecraft:ladder":14,"minecraft:granite":2,"minecraft:spruce_fence":11,"minecraft:grass_block":49,"minecraft:spruce_leaves":23,"minecraft:large_fern":4,"minecraft:furnace":4,"minecraft:iron_ore":134,"minecraft:andesite":19,"minecraft:pumpkin":1,"minecraft:cobblestone_slab":13,"minecraft:stone":464,"minecraft:spruce_slab":10,"minecraft:glass_pane":4,"minecraft:smoker":1,"minecraft:dandelion":1,"minecraft:oak_fence":5,"minecraft:crafting_table":4,"minecraft:blast_furnace":2,"minecraft:poppy":1,"minecraft:tall_grass":4,"minecraft:cobblestone":177,"minecraft:sugar_cane":25,"minecraft:oak_planks":2,"minecraft:wall_torch":6,"minecraft:spruce_stairs":16,"minecraft:sweet_berry_bush":13,"minecraft:ice":1,"minecraft:spruce_log":18,"minecraft:grass":16,"minecraft:oak_log":117,"minecraft:coal_ore":119,"minecraft:sand":26,"minecraft:gravel":2,"minecraft:dirt":75,"minecraft:oak_leaves":20,"minecraft:infested_stone":1},"minecraft:custom":{"minecraft:interact_with_anvil":2,"minecraft:mob_kills":73,"minecraft:interact_with_crafting_table":87,"minecraft:leave_game":4,"minecraft:time_since_death":316140,"minecraft:climb_one_cm":36028,"minecraft:sprint_one_cm":745019,"minecraft:walk_one_cm":723836,"minecraft:damage_blocked_by_shield":515,"minecraft:drop":74,"minecraft:play_time":316140,"minecraft:sneak_time":18595,"minecraft:walk_under_water_one_cm":2461,"minecraft:boat_one_cm":238717,"minecraft:jump":4013,"minecraft:interact_with_blast_furnace":17,"minecraft:walk_on_water_one_cm":7818,"minecraft:total_world_time":316140,"minecraft:interact_with_furnace":75,"minecraft:interact_with_stonecutter":4,"minecraft:sleep_in_bed":11,"minecraft:time_since_rest":12301,"minecraft:damage_taken":2334,"minecraft:damage_dealt":11392,"minecraft:swim_one_cm":3887,"minecraft:fly_one_cm":645860,"minecraft:open_chest":99,"minecraft:crouch_one_cm":68821,"minecraft:interact_with_smoker":6,"minecraft:fall_one_cm":86405,"minecraft:horse_one_cm":8956},"minecraft:killed":{"minecraft:witch":1,"minecraft:spider":4,"minecraft:skeleton":26,"minecraft:chicken":3,"minecraft:pig":7,"minecraft:creeper":2,"minecraft:sheep":5,"minecraft:pillager":1,"minecraft:zombie":17,"minecraft:enderman":2,"minecraft:cow":5},"minecraft:picked_up":{"minecraft:wooden_axe":1,"minecraft:crafting_table":6,"minecraft:ladder":14,"minecraft:chicken":3,"minecraft:wooden_pickaxe":1,"minecraft:oak_stairs":1,"minecraft:shield":1,"minecraft:string":2,"minecraft:spruce_planks":1,"minecraft:beef":18,"minecraft:oak_boat":7,"minecraft:cobblestone_slab":10,"minecraft:poppy":1,"minecraft:light_gray_wool":1,"minecraft:spruce_slab":10,"minecraft:sugar_cane":48,"minecraft:furnace":6,"minecraft:egg":1,"minecraft:raw_iron":135,"minecraft:oak_door":3,"minecraft:oak_fence":5,"minecraft:torch":11,"minecraft:spruce_fence":11,"minecraft:spruce_stairs":15,"minecraft:porkchop":19,"minecraft:white_dye":2,"minecraft:redstone":1,"minecraft:stone_sword":1,"minecraft:arrow":25,"minecraft:stone_shovel":1,"minecraft:rotten_flesh":14,"minecraft:iron_block":2,"minecraft:mutton":10,"minecraft:white_wool":6,"minecraft:cobblestone":612,"minecraft:birch_log":2,"minecraft:leather_chestplate":1,"minecraft:feather":3,"minecraft:cooked_beef":3,"minecraft:andesite":20,"minecraft:leather":6,"minecraft:smoker":1,"minecraft:red_mushroom":1,"minecraft:oak_log":104,"minecraft:gunpowder":3,"minecraft:dirt":251,"minecraft:white_banner":1,"minecraft:leather_boots":1,"minecraft:cooked_mutton":2,"minecraft:bone":30,"minecraft:bow":3,"minecraft:wheat_seeds":5,"minecraft:iron_ingot":3,"minecraft:stone_pickaxe":3,"minecraft:glass_bottle":1,"minecraft:glowstone_dust":2,"minecraft:iron_sword":1,"minecraft:oak_planks":42,"minecraft:cooked_porkchop":7,"minecraft:pumpkin":2,"minecraft:sweet_berries":57,"minecraft:dandelion":3,"minecraft:gravel":11,"minecraft:sand":26,"minecraft:spruce_sapling":2,"minecraft:blast_furnace":2,"minecraft:ink_sac":1,"minecraft:grass_block":1,"minecraft:white_bed":3,"minecraft:spruce_log":18,"minecraft:spider_eye":1,"minecraft:mossy_cobblestone":2,"minecraft:spruce_boat":1,"minecraft:stone_axe":1,"minecraft:granite":3,"minecraft:gray_wool":2,"minecraft:oak_sapling":6,"minecraft:coal":160,"minecraft:ender_pearl":2},"minecraft:used":{"minecraft:oak_fence":24,"minecraft:stone_sword":33,"minecraft:iron_shovel":6,"minecraft:spruce_slab":87,"minecraft:stone_shovel":131,"minecraft:ladder":42,"minecraft:chest":4,"minecraft:shield":15,"minecraft:iron_sword":188,"minecraft:stone":9,"minecraft:oak_door":6,"minecraft:torch":139,"minecraft:dirt":572,"minecraft:anvil":1,"minecraft:spruce_stairs":134,"minecraft:spruce_fence":12,"minecraft:oak_fence_gate":2,"minecraft:spruce_boat":1,"minecraft:stone_brick_slab":4,"minecraft:wooden_axe":27,"minecraft:iron_axe":89,"minecraft:oak_stairs":16,"minecraft:stone_bricks":48,"minecraft:item_frame":1,"minecraft:light_gray_wool":1,"minecraft:bow":12,"minecraft:sweet_berries":57,"minecraft:furnace":8,"minecraft:cooked_beef":7,"minecraft:cooked_mutton":5,"minecraft:water_bucket":16,"minecraft:cobblestone_stairs":44,"minecraft:oak_planks":19,"minecraft:stone_pickaxe":426,"minecraft:gray_carpet":1,"minecraft:wooden_pickaxe":24,"minecraft:leather_chestplate":1,"minecraft:stonecutter":1,"minecraft:sugar_cane":25,"minecraft:cobblestone_slab":133,"minecraft:leather_boots":1,"minecraft:sand":26,"minecraft:crafting_table":10,"minecraft:blast_furnace":3,"minecraft:white_bed":3,"minecraft:smoker":2,"minecraft:oak_log":201,"minecraft:iron_pickaxe":496,"minecraft:spruce_trapdoor":2,"minecraft:gravel":1,"minecraft:stone_axe":121,"minecraft:cobblestone":659,"minecraft:porkchop":2,"minecraft:white_banner":1,"minecraft:cooked_porkchop":21,"minecraft:bucket":17,"minecraft:glass_pane":45,"minecraft:oak_boat":6,"minecraft:bone_meal":3},"minecraft:dropped":{"minecraft:wheat_seeds":2,"minecraft:cooked_beef":11,"minecraft:mossy_cobblestone":1,"minecraft:oak_fence":5,"minecraft:cobblestone":30,"minecraft:leather":3,"minecraft:coal":8,"minecraft:red_mushroom":1,"minecraft:dirt":2,"minecraft:ink_sac":1,"minecraft:torch":28,"minecraft:mutton":2,"minecraft:iron_axe":1,"minecraft:red_dye":1,"minecraft:string":1,"minecraft:birch_log":2,"minecraft:white_wool":3,"minecraft:spruce_sapling":1,"minecraft:bone":2,"minecraft:furnace":2,"minecraft:stone_axe":1,"minecraft:stone_sword":1,"minecraft:raw_iron":2,"minecraft:rotten_flesh":7,"minecraft:oak_planks":105,"minecraft:leather_chestplate":1,"minecraft:leather_boots":1,"minecraft:oak_sapling":2,"minecraft:spider_eye":1,"minecraft:white_dye":2,"minecraft:bow":1,"minecraft:arrow":2,"minecraft:beef":7,"minecraft:stone_pickaxe":2,"minecraft:egg":1}},"DataVersion":2724}