{"stats":{"minecraft:broken":{"minecraft:stone_pickaxe":3,"minecraft:stone_axe":1,"minecraft:wooden_axe":1,"minecraft:golden_hoe":1,"minecraft:iron_pickaxe":5},"minecraft:crafted":{"minecraft:oak_planks":552,"minecraft:smooth_stone":3,"minecraft:cobblestone_slab":164,"minecraft:oak_sign":3,"minecraft:chain":9,"minecraft:stone":276,"minecraft:cobblestone_stairs":44,"minecraft:lever":2,"minecraft:cooked_mutton":3,"minecraft:stone_brick_slab":6,"minecraft:iron_boots":2,"minecraft:chest":20,"minecraft:chiseled_stone_bricks":4,"minecraft:stone_bricks":192,"minecraft:oak_fence":30,"minecraft:smoker":1,"minecraft:item_frame":14,"minecraft:cooked_porkchop":12,"minecraft:crafting_table":6,"minecraft:spruce_planks":72,"minecraft:iron_helmet":2,"minecraft:stone_brick_stairs":14,"minecraft:spruce_trapdoor":4,"minecraft:iron_chestplate":2,"minecraft:yellow_dye":1,"minecraft:stick":356,"minecraft:iron_ingot":131,"minecraft:iron_pickaxe":5,"minecraft:iron_block":1,"minecraft:stone_sword":1,"minecraft:gray_carpet":3,"minecraft:shears":1,"minecraft:oak_door":6,"minecraft:stone_shovel":1,"minecraft:iron_nugget":180,"minecraft:furnace":6,"minecraft:blast_furnace":1,"minecraft:bone_meal":3,"minecraft:spruce_fence":12,"minecraft:oak_trapdoor":2,"minecraft:glass_pane":304,"minecraft:lantern":20,"minecraft:spruce_stairs":120,"minecraft:iron_axe":2,"minecraft:ladder":54,"minecraft:spruce_slab":78,"minecraft:stone_pickaxe":3,"minecraft:spruce_boat":1,"minecraft:wheat":306,"minecraft:cooked_beef":22,"minecraft:red_dye":1,"minecraft:iron_sword":1,"minecraft:bucket":1,"minecraft:stone_axe":1,"minecraft:bread":102,"minecraft:air":0,"minecraft:oak_fence_gate":2,"minecraft:oak_boat":1,"minecraft:wooden_axe":1,"minecraft:oak_stairs":20,"minecraft:iron_shovel":1,"minecraft:iron_leggings":2,"minecraft:stonecutter":1,"minecraft:anvil":1,"minecraft:white_bed":1,"minecraft:torch":176},"minecraft:mined":{"minecraft:spruce_planks":2,"minecraft:white_bed":6,"minecraft:cobblestone_stairs":14,"minecraft:brewing_stand":1,"minecraft:spruce_trapdoor":5,"minecraft:granite":2,"minecraft:grass_block":60,"minecraft:oak_wall_sign":3,"minecraft:chiseled_stone_bricks":4,"minecraft:magma_block":1,"minecraft:iron_ore":134,"minecraft:pumpkin":6,"minecraft:dirt_path":1,"minecraft:spruce_slab":16,"minecraft:smoker":3,"minecraft:torch":15,"minecraft:blast_furnace":3,"minecraft:poppy":1,"minecraft:chest":20,"minecraft:cobblestone":560,"minecraft:sugar_cane":53,"minecraft:oak_planks":4,"minecraft:wall_torch":23,"minecraft:chain":15,"minecraft:stone_brick_stairs":7,"minecraft:grass":28,"minecraft:oak_log":120,"minecraft:sand":102,"minecraft:dirt":143,"minecraft:stonecutter":1,"minecraft:netherrack":2,"minecraft:oak_leaves":71,"minecraft:mossy_cobblestone":17,"minecraft:oak_door":8,"minecraft:lever":2,"minecraft:ladder":14,"minecraft:spruce_fence":11,"minecraft:spruce_leaves":25,"minecraft:cartography_table":2,"minecraft:large_fern":4,"minecraft:hay_block":33,"minecraft:furnace":7,"minecraft:andesite":19,"minecraft:bell":3,"minecraft:cobblestone_slab":63,"minecraft:lantern":13,"minecraft:stripped_oak_log":2,"minecraft:stone":704,"minecraft:glass_pane":5,"minecraft:stone_brick_slab":16,"minecraft:dandelion":1,"minecraft:oak_fence":15,"minecraft:crafting_table":8,"minecraft:tall_grass":5,"minecraft:spruce_stairs":21,"minecraft:cactus":1,"minecraft:sweet_berry_bush":18,"minecraft:ice":1,"minecraft:spruce_log":18,"minecraft:white_wall_banner":2,"minecraft:yellow_bed":2,"minecraft:coal_ore":153,"minecraft:gravel":2,"minecraft:stone_bricks":76,"minecraft:infested_stone":1},"minecraft:custom":{"minecraft:interact_with_crafting_table":132,"minecraft:bell_ring":19,"minecraft:leave_game":15,"minecraft:time_since_death":652318,"minecraft:sprint_one_cm":1711541,"minecraft:damage_blocked_by_shield":1150,"minecraft:drop":141,"minecraft:talked_to_villager":8,"minecraft:play_time":652318,"minecraft:jump":7890,"minecraft:walk_on_water_one_cm":24443,"minecraft:interact_with_furnace":118,"minecraft:interact_with_cartography_table":4,"minecraft:sleep_in_bed":27,"minecraft:damage_dealt":20679,"minecraft:crouch_one_cm":133749,"minecraft:interact_with_smoker":10,"minecraft:horse_one_cm":517300,"minecraft:interact_with_smithing_table":1,"minecraft:mob_kills":131,"minecraft:interact_with_anvil":2,"minecraft:climb_one_cm":42196,"minecraft:walk_one_cm":1576694,"minecraft:sneak_time":36275,"minecraft:walk_under_water_one_cm":8528,"minecraft:boat_one_cm":439098,"minecraft:interact_with_blast_furnace":22,"minecraft:total_world_time":652318,"minecraft:pot_flower":1,"minecraft:interact_with_stonecutter":21,"minecraft:time_since_rest":9676,"minecraft:damage_taken":3969,"minecraft:swim_one_cm":18088,"minecraft:fly_one_cm":1460214,"minecraft:open_chest":456,"minecraft:fall_one_cm":193365},"minecraft:killed":{"minecraft:witch":1,"minecraft:spider":10,"minecraft:cod":5,"minecraft:skeleton":38,"minecraft:chicken":3,"minecraft:pig":14,"minecraft:creeper":3,"minecraft:sheep":6,"minecraft:pillager":4,"minecraft:zombie":35,"minecraft:cow":5,"minecraft:wandering_trader":2,"minecraft:enderman":5},"minecraft:picked_up":{"minecraft:wooden_axe":2,"minecraft:lead":24,"minecraft:oak_stairs":1,"minecraft:stone_brick_stairs":7,"minecraft:brewing_stand":1,"minecraft:string":5,"minecraft:oak_sign":3,"minecraft:spruce_planks":1,"minecraft:cobblestone_slab":78,"minecraft:furnace":9,"minecraft:stick":16,"minecraft:oak_fence":22,"minecraft:torch":46,"minecraft:spruce_stairs":21,"minecraft:porkchop":33,"minecraft:stone_sword":3,"minecraft:cactus":3,"minecraft:rotten_flesh":40,"minecraft:iron_block":2,"minecraft:cod":5,"minecraft:cobblestone":1160,"minecraft:birch_log":2,"minecraft:magma_block":1,"minecraft:leather_chestplate":1,"minecraft:feather":3,"minecraft:cooked_beef":3,"minecraft:andesite":40,"minecraft:smoker":3,"minecraft:dirt":352,"minecraft:lantern":26,"minecraft:leather_boots":1,"minecraft:bone":120,"minecraft:stonecutter":1,"minecraft:bow":12,"minecraft:wheat_seeds":15,"minecraft:bell":4,"minecraft:glowstone_dust":6,"minecraft:oak_planks":44,"minecraft:cooked_porkchop":7,"minecraft:sand":105,"minecraft:ink_sac":1,"minecraft:grass_block":4,"minecraft:mossy_cobblestone":16,"minecraft:spruce_boat":2,"minecraft:lever":4,"minecraft:granite":6,"minecraft:emerald":2,"minecraft:oak_sapling":8,"minecraft:netherrack":2,"minecraft:oak_leaves":41,"minecraft:crafting_table":10,"minecraft:chicken":6,"minecraft:ladder":40,"minecraft:wooden_pickaxe":3,"minecraft:chain":15,"minecraft:shield":2,"minecraft:item_frame":2,"minecraft:cartography_table":2,"minecraft:beef":18,"minecraft:oak_boat":13,"minecraft:iron_nugget":2,"minecraft:poppy":1,"minecraft:spruce_slab":37,"minecraft:light_gray_wool":1,"minecraft:sugar_cane":103,"minecraft:chest":20,"minecraft:spruce_trapdoor":5,"minecraft:egg":88,"minecraft:raw_iron":135,"minecraft:oak_door":8,"minecraft:spruce_fence":11,"minecraft:white_dye":2,"minecraft:redstone":3,"minecraft:arrow":52,"minecraft:stone_shovel":5,"minecraft:hay_block":34,"minecraft:saddle":1,"minecraft:gold_ingot":3,"minecraft:mutton":10,"minecraft:white_wool":6,"minecraft:stripped_oak_log":2,"minecraft:leather":6,"minecraft:red_mushroom":1,"minecraft:filled_map":1,"minecraft:oak_log":125,"minecraft:yellow_bed":2,"minecraft:gunpowder":9,"minecraft:cobblestone_stairs":14,"minecraft:white_banner":4,"minecraft:cooked_mutton":6,"minecraft:stone_bricks":78,"minecraft:stone_pickaxe":5,"minecraft:iron_ingot":146,"minecraft:cooked_chicken":4,"minecraft:glass_bottle":3,"minecraft:iron_sword":2,"minecraft:pumpkin":9,"minecraft:sweet_berries":69,"minecraft:chiseled_stone_bricks":4,"minecraft:stone_brick_slab":16,"minecraft:dandelion":8,"minecraft:gravel":11,"minecraft:spruce_sapling":3,"minecraft:blast_furnace":3,"minecraft:white_bed":8,"minecraft:spruce_log":18,"minecraft:spider_eye":3,"minecraft:stone_axe":2,"minecraft:gray_wool":2,"minecraft:coal":263,"minecraft:ender_pearl":9},"minecraft:used":{"minecraft:iron_shovel":147,"minecraft:spruce_slab":147,"minecraft:ladder":42,"minecraft:oak_sign":4,"minecraft:chest":40,"minecraft:shield":33,"minecraft:stone":9,"minecraft:iron_sword":363,"minecraft:bell":4,"minecraft:spruce_boat":1,"minecraft:lantern":60,"minecraft:stone_brick_stairs":87,"minecraft:stone_bricks":648,"minecraft:item_frame":16,"minecraft:bow":14,"minecraft:sweet_berries":69,"minecraft:furnace":11,"minecraft:egg":32,"minecraft:stone_pickaxe":426,"minecraft:gray_carpet":1,"minecraft:oak_planks":21,"minecraft:ender_pearl":1,"minecraft:wooden_pickaxe":24,"minecraft:leather_chestplate":1,"minecraft:sugar_cane":103,"minecraft:oak_leaves":7,"minecraft:golden_hoe":32,"minecraft:sand":199,"minecraft:blast_furnace":4,"minecraft:shears":47,"minecraft:lever":2,"minecraft:gravel":1,"minecraft:fire_charge":1,"minecraft:chain":33,"minecraft:oak_boat":12,"minecraft:bone_meal":3,"minecraft:oak_fence":37,"minecraft:oak_trapdoor":2,"minecraft:stone_sword":33,"minecraft:stone_shovel":131,"minecraft:spruce_planks":1,"minecraft:cooked_chicken":1,"minecraft:oak_door":11,"minecraft:torch":174,"minecraft:brewing_stand":1,"minecraft:dirt":790,"minecraft:anvil":1,"minecraft:spruce_stairs":134,"minecraft:spruce_fence":12,"minecraft:oak_fence_gate":2,"minecraft:stone_brick_slab":75,"minecraft:wooden_axe":28,"minecraft:iron_axe":169,"minecraft:oak_stairs":18,"minecraft:light_gray_wool":1,"minecraft:cooked_beef":7,"minecraft:pumpkin":5,"minecraft:cooked_mutton":7,"minecraft:water_bucket":33,"minecraft:cobblestone_stairs":44,"minecraft:cartography_table":2,"minecraft:stonecutter":2,"minecraft:cobblestone_slab":161,"minecraft:leather_boots":1,"minecraft:mossy_cobblestone":2,"minecraft:crafting_table":13,"minecraft:white_bed":5,"minecraft:painting":1,"minecraft:smoker":4,"minecraft:oak_log":277,"minecraft:apple":1,"minecraft:iron_pickaxe":1388,"minecraft:map":1,"minecraft:spruce_trapdoor":5,"minecraft:stone_axe":125,"minecraft:chiseled_stone_bricks":102,"minecraft:cobblestone":808,"minecraft:porkchop":2,"minecraft:white_banner":4,"minecraft:cooked_porkchop":55,"minecraft:bucket":34,"minecraft:glass_pane":179,"minecraft:yellow_bed":2},"minecraft:dropped":{"minecraft:cooked_beef":29,"minecraft:lantern":3,"minecraft:leather":3,"minecraft:red_mushroom":1,"minecraft:cod":5,"minecraft:dirt":7,"minecraft:mutton":2,"minecraft:cooked_cod":2,"minecraft:chain":6,"minecraft:birch_log":2,"minecraft:white_wool":3,"minecraft:bone":2,"minecraft:oak_door":1,"minecraft:stone_axe":1,"minecraft:rotten_flesh":11,"minecraft:oak_planks":125,"minecraft:leather_chestplate":1,"minecraft:leather_boots":1,"minecraft:white_dye":2,"minecraft:spruce_slab":15,"minecraft:arrow":2,"minecraft:glass":48,"minecraft:beef":7,"minecraft:egg":1,"minecraft:iron_ingot":9,"minecraft:golden_boots":1,"minecraft:wheat_seeds":4,"minecraft:mossy_cobblestone":5,"minecraft:oak_fence":5,"minecraft:cobblestone":30,"minecraft:lead":1,"minecraft:coal":8,"minecraft:stick":1,"minecraft:ink_sac":1,"minecraft:torch":28,"minecraft:cooked_salmon":2,"minecraft:iron_axe":1,"minecraft:red_dye":1,"minecraft:string":2,"minecraft:spruce_sapling":1,"minecraft:dandelion":2,"minecraft:furnace":2,"minecraft:stone_sword":1,"minecraft:raw_iron":2,"minecraft:glass_pane":55,"minecraft:oak_sapling":2,"minecraft:spider_eye":1,"minecraft:bow":2,"minecraft:stone_pickaxe":2,"minecraft:magma_block":1}},"DataVersion":2724}