{"stats":{"minecraft:crafted":{"minecraft:red_dye":1,"minecraft:oak_door":3,"minecraft:oak_planks":24,"minecraft:cobblestone_slab":90,"minecraft:stone_shovel":1,"minecraft:cooked_porkchop":2,"minecraft:crafting_table":1,"minecraft:spruce_planks":28,"minecraft:cobblestone_stairs":44,"minecraft:spruce_fence":12,"minecraft:stone_axe":1,"minecraft:air":0,"minecraft:yellow_dye":1,"minecraft:stick":32,"minecraft:stone_pickaxe":2,"minecraft:wooden_axe":1,"minecraft:stone_sword":1,"minecraft:gray_carpet":3,"minecraft:oak_fence":3},"minecraft:broken":{"minecraft:stone_pickaxe":2,"minecraft:wooden_axe":1},"minecraft:mined":{"minecraft:white_bed":2,"minecraft:oak_door":3,"minecraft:dandelion":1,"minecraft:crafting_table":2,"minecraft:granite":2,"minecraft:grass_block":23,"minecraft:poppy":1,"minecraft:cobblestone":4,"minecraft:spruce_leaves":23,"minecraft:sugar_cane":5,"minecraft:wall_torch":3,"minecraft:large_fern":4,"minecraft:furnace":4,"minecraft:iron_ore":2,"minecraft:sweet_berry_bush":13,"minecraft:spruce_log":18,"minecraft:pumpkin":1,"minecraft:cobblestone_slab":8,"minecraft:grass":4,"minecraft:oak_log":56,"minecraft:coal_ore":63,"minecraft:gravel":1,"minecraft:dirt":34,"minecraft:stone":202,"minecraft:oak_leaves":9},"minecraft:custom":{"minecraft:interact_with_furnace":13,"minecraft:mob_kills":24,"minecraft:interact_with_crafting_table":19,"minecraft:leave_game":1,"minecraft:time_since_death":88740,"minecraft:sleep_in_bed":4,"minecraft:time_since_rest":14674,"minecraft:sprint_one_cm":210788,"minecraft:damage_taken":385,"minecraft:walk_one_cm":202920,"minecraft:drop":31,"minecraft:damage_dealt":2479,"minecraft:swim_one_cm":3887,"minecraft:fly_one_cm":248918,"minecraft:open_chest":2,"minecraft:crouch_one_cm":14974,"minecraft:play_time":88740,"minecraft:sneak_time":3201,"minecraft:walk_under_water_one_cm":835,"minecraft:boat_one_cm":237592,"minecraft:jump":1453,"minecraft:walk_on_water_one_cm":2290,"minecraft:total_world_time":88740,"minecraft:fall_one_cm":34534,"minecraft:horse_one_cm":8956},"minecraft:killed":{"minecraft:pig":7,"minecraft:creeper":1,"minecraft:sheep":5,"minecraft:skeleton":3,"minecraft:zombie":1,"minecraft:chicken":3,"minecraft:cow":4},"minecraft:picked_up":{"minecraft:wooden_axe":1,"minecraft:birch_log":2,"minecraft:crafting_table":4,"minecraft:feather":3,"minecraft:cooked_beef":3,"minecraft:chicken":3,"minecraft:leather":5,"minecraft:wooden_pickaxe":1,"minecraft:red_mushroom":1,"minecraft:oak_log":56,"minecraft:dirt":56,"minecraft:cooked_mutton":2,"minecraft:bone":8,"minecraft:bow":1,"minecraft:wheat_seeds":2,"minecraft:beef":15,"minecraft:stone_pickaxe":2,"minecraft:cobblestone_slab":8,"minecraft:oak_boat":5,"minecraft:poppy":1,"minecraft:light_gray_wool":1,"minecraft:sugar_cane":12,"minecraft:oak_planks":41,"minecraft:furnace":6,"minecraft:raw_iron":5,"minecraft:cooked_porkchop":7,"minecraft:oak_door":3,"minecraft:pumpkin":2,"minecraft:sweet_berries":57,"minecraft:torch":3,"minecraft:dandelion":1,"minecraft:white_dye":2,"minecraft:gravel":1,"minecraft:porkchop":19,"minecraft:spruce_sapling":1,"minecraft:ink_sac":1,"minecraft:white_bed":2,"minecraft:spruce_log":18,"minecraft:mossy_cobblestone":1,"minecraft:stone_sword":1,"minecraft:arrow":3,"minecraft:rotten_flesh":1,"minecraft:stone_axe":1,"minecraft:granite":3,"minecraft:gray_wool":2,"minecraft:oak_sapling":3,"minecraft:mutton":10,"minecraft:coal":86,"minecraft:white_wool":6,"minecraft:cobblestone":212},"minecraft:used":{"minecraft:oak_fence":3,"minecraft:cooked_mutton":2,"minecraft:stone_sword":33,"minecraft:cobblestone_stairs":44,"minecraft:gray_carpet":1,"minecraft:stone_shovel":52,"minecraft:stone_pickaxe":262,"minecraft:wooden_pickaxe":24,"minecraft:cobblestone_slab":98,"minecraft:oak_door":5,"minecraft:dirt":7,"minecraft:crafting_table":4,"minecraft:white_bed":2,"minecraft:spruce_fence":12,"minecraft:oak_log":19,"minecraft:wooden_axe":27,"minecraft:gravel":1,"minecraft:cobblestone":85,"minecraft:stone_axe":68,"minecraft:light_gray_wool":1,"minecraft:sweet_berries":34,"minecraft:porkchop":2,"minecraft:furnace":4,"minecraft:cooked_porkchop":3,"minecraft:oak_boat":4},"minecraft:dropped":{"minecraft:furnace":2,"minecraft:stone_axe":1,"minecraft:wheat_seeds":2,"minecraft:stone_sword":1,"minecraft:mossy_cobblestone":1,"minecraft:raw_iron":2,"minecraft:cobblestone":3,"minecraft:oak_planks":41,"minecraft:leather":3,"minecraft:coal":8,"minecraft:red_mushroom":1,"minecraft:dirt":2,"minecraft:ink_sac":1,"minecraft:mutton":2,"minecraft:oak_sapling":1,"minecraft:white_dye":2,"minecraft:red_dye":1,"minecraft:arrow":2,"minecraft:bow":1,"minecraft:stone_pickaxe":2,"minecraft:beef":7,"minecraft:birch_log":2,"minecraft:white_wool":3,"minecraft:spruce_sapling":1,"minecraft:bone":2}},"DataVersion":2724}