{"stats":{"minecraft:broken":{"minecraft:stone_pickaxe":3,"minecraft:stone_axe":1,"minecraft:wooden_axe":1,"minecraft:golden_hoe":1,"minecraft:iron_pickaxe":4},"minecraft:crafted":{"minecraft:oak_planks":552,"minecraft:smooth_stone":3,"minecraft:cobblestone_slab":164,"minecraft:oak_sign":3,"minecraft:chain":9,"minecraft:stone":174,"minecraft:cobblestone_stairs":44,"minecraft:lever":2,"minecraft:cooked_mutton":3,"minecraft:stone_brick_slab":6,"minecraft:iron_boots":2,"minecraft:chest":20,"minecraft:chiseled_stone_bricks":4,"minecraft:stone_bricks":92,"minecraft:oak_fence":30,"minecraft:smoker":1,"minecraft:item_frame":14,"minecraft:cooked_porkchop":12,"minecraft:crafting_table":6,"minecraft:spruce_planks":72,"minecraft:iron_helmet":2,"minecraft:stone_brick_stairs":14,"minecraft:spruce_trapdoor":4,"minecraft:iron_chestplate":2,"minecraft:yellow_dye":1,"minecraft:stick":356,"minecraft:iron_ingot":131,"minecraft:iron_pickaxe":5,"minecraft:iron_block":1,"minecraft:stone_sword":1,"minecraft:gray_carpet":3,"minecraft:shears":1,"minecraft:oak_door":3,"minecraft:stone_shovel":1,"minecraft:iron_nugget":180,"minecraft:furnace":6,"minecraft:blast_furnace":1,"minecraft:bone_meal":3,"minecraft:spruce_fence":12,"minecraft:oak_trapdoor":2,"minecraft:glass_pane":256,"minecraft:lantern":20,"minecraft:spruce_stairs":120,"minecraft:iron_axe":2,"minecraft:ladder":54,"minecraft:spruce_slab":78,"minecraft:stone_pickaxe":3,"minecraft:spruce_boat":1,"minecraft:wheat":306,"minecraft:cooked_beef":22,"minecraft:red_dye":1,"minecraft:iron_sword":1,"minecraft:bucket":1,"minecraft:stone_axe":1,"minecraft:bread":102,"minecraft:air":0,"minecraft:oak_fence_gate":2,"minecraft:oak_boat":1,"minecraft:wooden_axe":1,"minecraft:oak_stairs":20,"minecraft:iron_shovel":1,"minecraft:iron_leggings":2,"minecraft:stonecutter":1,"minecraft:anvil":1,"minecraft:white_bed":1,"minecraft:torch":176},"minecraft:mined":{"minecraft:spruce_planks":2,"minecraft:white_bed":6,"minecraft:cobblestone_stairs":14,"minecraft:brewing_stand":1,"minecraft:spruce_trapdoor":5,"minecraft:granite":2,"minecraft:grass_block":59,"minecraft:oak_wall_sign":3,"minecraft:chiseled_stone_bricks":4,"minecraft:magma_block":1,"minecraft:iron_ore":134,"minecraft:pumpkin":6,"minecraft:spruce_slab":16,"minecraft:smoker":3,"minecraft:torch":15,"minecraft:blast_furnace":3,"minecraft:poppy":1,"minecraft:chest":20,"minecraft:cobblestone":409,"minecraft:sugar_cane":53,"minecraft:oak_planks":2,"minecraft:wall_torch":18,"minecraft:chain":15,"minecraft:stone_brick_stairs":6,"minecraft:grass":28,"minecraft:oak_log":120,"minecraft:sand":69,"minecraft:dirt":131,"minecraft:stonecutter":1,"minecraft:netherrack":2,"minecraft:oak_leaves":71,"minecraft:mossy_cobblestone":10,"minecraft:oak_door":8,"minecraft:lever":2,"minecraft:ladder":14,"minecraft:spruce_fence":11,"minecraft:spruce_leaves":25,"minecraft:cartography_table":2,"minecraft:large_fern":4,"minecraft:hay_block":33,"minecraft:furnace":7,"minecraft:andesite":19,"minecraft:bell":3,"minecraft:cobblestone_slab":63,"minecraft:lantern":12,"minecraft:stripped_oak_log":2,"minecraft:stone":704,"minecraft:glass_pane":5,"minecraft:stone_brick_slab":12,"minecraft:dandelion":1,"minecraft:oak_fence":13,"minecraft:crafting_table":8,"minecraft:tall_grass":5,"minecraft:spruce_stairs":21,"minecraft:cactus":1,"minecraft:sweet_berry_bush":18,"minecraft:ice":1,"minecraft:spruce_log":18,"minecraft:white_wall_banner":2,"minecraft:yellow_bed":2,"minecraft:coal_ore":153,"minecraft:gravel":2,"minecraft:stone_bricks":67,"minecraft:infested_stone":1},"minecraft:custom":{"minecraft:interact_with_crafting_table":129,"minecraft:bell_ring":19,"minecraft:leave_game":14,"minecraft:time_since_death":614832,"minecraft:sprint_one_cm":1590321,"minecraft:damage_blocked_by_shield":1150,"minecraft:drop":127,"minecraft:talked_to_villager":8,"minecraft:play_time":614832,"minecraft:jump":7416,"minecraft:walk_on_water_one_cm":20715,"minecraft:interact_with_furnace":98,"minecraft:interact_with_cartography_table":4,"minecraft:sleep_in_bed":26,"minecraft:damage_dealt":20260,"minecraft:crouch_one_cm":125947,"minecraft:interact_with_smoker":9,"minecraft:horse_one_cm":517300,"minecraft:interact_with_smithing_table":1,"minecraft:mob_kills":130,"minecraft:interact_with_anvil":2,"minecraft:climb_one_cm":41884,"minecraft:walk_one_cm":1498616,"minecraft:sneak_time":33736,"minecraft:walk_under_water_one_cm":6580,"minecraft:boat_one_cm":317636,"minecraft:interact_with_blast_furnace":22,"minecraft:total_world_time":614832,"minecraft:pot_flower":1,"minecraft:interact_with_stonecutter":21,"minecraft:time_since_rest":10865,"minecraft:damage_taken":3739,"minecraft:swim_one_cm":11470,"minecraft:fly_one_cm":1378534,"minecraft:open_chest":429,"minecraft:fall_one_cm":179957},"minecraft:killed":{"minecraft:witch":1,"minecraft:spider":10,"minecraft:cod":5,"minecraft:skeleton":38,"minecraft:chicken":3,"minecraft:pig":14,"minecraft:creeper":3,"minecraft:sheep":6,"minecraft:pillager":4,"minecraft:zombie":35,"minecraft:cow":5,"minecraft:wandering_trader":2,"minecraft:enderman":4},"minecraft:picked_up":{"minecraft:wooden_axe":2,"minecraft:lead":24,"minecraft:oak_stairs":1,"minecraft:stone_brick_stairs":6,"minecraft:brewing_stand":1,"minecraft:string":5,"minecraft:oak_sign":3,"minecraft:spruce_planks":1,"minecraft:cobblestone_slab":78,"minecraft:furnace":9,"minecraft:stick":16,"minecraft:oak_fence":20,"minecraft:torch":39,"minecraft:spruce_stairs":21,"minecraft:porkchop":33,"minecraft:stone_sword":3,"minecraft:cactus":3,"minecraft:rotten_flesh":38,"minecraft:iron_block":2,"minecraft:cod":5,"minecraft:cobblestone":1023,"minecraft:birch_log":2,"minecraft:magma_block":1,"minecraft:leather_chestplate":1,"minecraft:feather":3,"minecraft:cooked_beef":3,"minecraft:andesite":40,"minecraft:smoker":3,"minecraft:dirt":313,"minecraft:lantern":24,"minecraft:leather_boots":1,"minecraft:bone":120,"minecraft:stonecutter":1,"minecraft:bow":12,"minecraft:wheat_seeds":15,"minecraft:bell":4,"minecraft:glowstone_dust":6,"minecraft:oak_planks":42,"minecraft:cooked_porkchop":7,"minecraft:sand":83,"minecraft:ink_sac":1,"minecraft:grass_block":3,"minecraft:mossy_cobblestone":12,"minecraft:spruce_boat":2,"minecraft:lever":4,"minecraft:granite":6,"minecraft:emerald":2,"minecraft:oak_sapling":8,"minecraft:netherrack":2,"minecraft:oak_leaves":41,"minecraft:crafting_table":10,"minecraft:chicken":6,"minecraft:ladder":40,"minecraft:wooden_pickaxe":3,"minecraft:chain":15,"minecraft:shield":2,"minecraft:item_frame":2,"minecraft:cartography_table":2,"minecraft:beef":18,"minecraft:oak_boat":12,"minecraft:iron_nugget":2,"minecraft:poppy":1,"minecraft:spruce_slab":37,"minecraft:light_gray_wool":1,"minecraft:sugar_cane":103,"minecraft:chest":20,"minecraft:spruce_trapdoor":5,"minecraft:egg":47,"minecraft:raw_iron":135,"minecraft:oak_door":8,"minecraft:spruce_fence":11,"minecraft:white_dye":2,"minecraft:redstone":3,"minecraft:arrow":52,"minecraft:stone_shovel":5,"minecraft:hay_block":34,"minecraft:saddle":1,"minecraft:gold_ingot":3,"minecraft:mutton":10,"minecraft:white_wool":6,"minecraft:stripped_oak_log":2,"minecraft:leather":6,"minecraft:red_mushroom":1,"minecraft:oak_log":125,"minecraft:yellow_bed":2,"minecraft:gunpowder":9,"minecraft:cobblestone_stairs":14,"minecraft:white_banner":4,"minecraft:cooked_mutton":6,"minecraft:stone_bricks":68,"minecraft:stone_pickaxe":5,"minecraft:iron_ingot":146,"minecraft:glass_bottle":3,"minecraft:iron_sword":2,"minecraft:pumpkin":9,"minecraft:sweet_berries":69,"minecraft:chiseled_stone_bricks":4,"minecraft:stone_brick_slab":13,"minecraft:dandelion":8,"minecraft:gravel":11,"minecraft:spruce_sapling":3,"minecraft:blast_furnace":3,"minecraft:white_bed":8,"minecraft:spruce_log":18,"minecraft:spider_eye":3,"minecraft:stone_axe":2,"minecraft:gray_wool":2,"minecraft:coal":262,"minecraft:ender_pearl":8},"minecraft:used":{"minecraft:iron_shovel":102,"minecraft:spruce_slab":147,"minecraft:ladder":42,"minecraft:oak_sign":4,"minecraft:chest":40,"minecraft:shield":33,"minecraft:stone":9,"minecraft:iron_sword":358,"minecraft:bell":4,"minecraft:spruce_boat":1,"minecraft:lantern":58,"minecraft:stone_brick_stairs":79,"minecraft:stone_bricks":495,"minecraft:item_frame":16,"minecraft:bow":14,"minecraft:sweet_berries":69,"minecraft:furnace":11,"minecraft:egg":32,"minecraft:stone_pickaxe":426,"minecraft:gray_carpet":1,"minecraft:oak_planks":21,"minecraft:ender_pearl":1,"minecraft:wooden_pickaxe":24,"minecraft:leather_chestplate":1,"minecraft:sugar_cane":103,"minecraft:oak_leaves":7,"minecraft:golden_hoe":32,"minecraft:sand":185,"minecraft:blast_furnace":4,"minecraft:shears":47,"minecraft:lever":2,"minecraft:gravel":1,"minecraft:fire_charge":1,"minecraft:chain":33,"minecraft:oak_boat":10,"minecraft:bone_meal":3,"minecraft:oak_fence":35,"minecraft:oak_trapdoor":2,"minecraft:stone_sword":33,"minecraft:stone_shovel":131,"minecraft:spruce_planks":1,"minecraft:oak_door":9,"minecraft:torch":164,"minecraft:brewing_stand":1,"minecraft:dirt":663,"minecraft:anvil":1,"minecraft:spruce_stairs":134,"minecraft:spruce_fence":12,"minecraft:oak_fence_gate":2,"minecraft:stone_brick_slab":72,"minecraft:wooden_axe":28,"minecraft:iron_axe":165,"minecraft:oak_stairs":18,"minecraft:light_gray_wool":1,"minecraft:cooked_beef":7,"minecraft:pumpkin":5,"minecraft:cooked_mutton":7,"minecraft:water_bucket":30,"minecraft:cobblestone_stairs":44,"minecraft:cartography_table":2,"minecraft:stonecutter":2,"minecraft:cobblestone_slab":161,"minecraft:leather_boots":1,"minecraft:mossy_cobblestone":2,"minecraft:crafting_table":13,"minecraft:white_bed":5,"minecraft:painting":1,"minecraft:smoker":4,"minecraft:oak_log":277,"minecraft:apple":1,"minecraft:iron_pickaxe":1212,"minecraft:map":1,"minecraft:spruce_trapdoor":5,"minecraft:stone_axe":125,"minecraft:chiseled_stone_bricks":102,"minecraft:cobblestone":805,"minecraft:porkchop":2,"minecraft:white_banner":4,"minecraft:cooked_porkchop":51,"minecraft:bucket":31,"minecraft:glass_pane":176,"minecraft:yellow_bed":2},"minecraft:dropped":{"minecraft:cooked_beef":29,"minecraft:leather":3,"minecraft:red_mushroom":1,"minecraft:cod":5,"minecraft:dirt":7,"minecraft:mutton":2,"minecraft:chain":6,"minecraft:birch_log":2,"minecraft:white_wool":3,"minecraft:bone":2,"minecraft:oak_door":1,"minecraft:stone_axe":1,"minecraft:rotten_flesh":11,"minecraft:oak_planks":125,"minecraft:leather_chestplate":1,"minecraft:leather_boots":1,"minecraft:white_dye":2,"minecraft:spruce_slab":15,"minecraft:arrow":2,"minecraft:glass":48,"minecraft:beef":7,"minecraft:egg":1,"minecraft:golden_boots":1,"minecraft:wheat_seeds":4,"minecraft:mossy_cobblestone":5,"minecraft:oak_fence":5,"minecraft:cobblestone":30,"minecraft:lead":1,"minecraft:coal":8,"minecraft:stick":1,"minecraft:ink_sac":1,"minecraft:torch":28,"minecraft:iron_axe":1,"minecraft:red_dye":1,"minecraft:string":2,"minecraft:spruce_sapling":1,"minecraft:dandelion":2,"minecraft:furnace":2,"minecraft:stone_sword":1,"minecraft:raw_iron":2,"minecraft:glass_pane":55,"minecraft:oak_sapling":2,"minecraft:spider_eye":1,"minecraft:bow":2,"minecraft:stone_pickaxe":2,"minecraft:magma_block":1}},"DataVersion":2724}