{"stats":{"minecraft:broken":{"minecraft:wooden_axe":1},"minecraft:crafted":{"minecraft:oak_planks":24,"minecraft:cooked_porkchop":2,"minecraft:crafting_table":1,"minecraft:stone_axe":1,"minecraft:air":0,"minecraft:stick":8,"minecraft:stone_pickaxe":1,"minecraft:wooden_axe":1,"minecraft:stone_sword":1},"minecraft:mined":{"minecraft:crafting_table":1,"minecraft:grass_block":2,"minecraft:spruce_leaves":23,"minecraft:large_fern":4,"minecraft:furnace":2,"minecraft:sweet_berry_bush":13,"minecraft:spruce_log":12,"minecraft:grass":4,"minecraft:oak_log":19,"minecraft:coal_ore":24,"minecraft:dirt":2,"minecraft:stone":10,"minecraft:oak_leaves":5},"minecraft:custom":{"minecraft:interact_with_furnace":5,"minecraft:mob_kills":7,"minecraft:interact_with_crafting_table":2,"minecraft:leave_game":1,"minecraft:time_since_death":28740,"minecraft:time_since_rest":28740,"minecraft:sprint_one_cm":50718,"minecraft:damage_taken":225,"minecraft:walk_one_cm":50681,"minecraft:drop":20,"minecraft:damage_dealt":803,"minecraft:swim_one_cm":3573,"minecraft:fly_one_cm":60801,"minecraft:crouch_one_cm":268,"minecraft:play_time":28740,"minecraft:sneak_time":104,"minecraft:walk_under_water_one_cm":64,"minecraft:boat_one_cm":14174,"minecraft:jump":410,"minecraft:walk_on_water_one_cm":1086,"minecraft:total_world_time":28740,"minecraft:fall_one_cm":10090},"minecraft:killed":{"minecraft:pig":2,"minecraft:creeper":1,"minecraft:sheep":2,"minecraft:skeleton":2},"minecraft:picked_up":{"minecraft:wooden_axe":1,"minecraft:birch_log":2,"minecraft:crafting_table":3,"minecraft:cooked_beef":3,"minecraft:leather":3,"minecraft:wooden_pickaxe":1,"minecraft:red_mushroom":1,"minecraft:oak_log":19,"minecraft:dirt":5,"minecraft:bone":6,"minecraft:bow":1,"minecraft:wheat_seeds":2,"minecraft:beef":7,"minecraft:stone_pickaxe":1,"minecraft:oak_boat":2,"minecraft:light_gray_wool":1,"minecraft:oak_planks":41,"minecraft:furnace":4,"minecraft:cooked_porkchop":2,"minecraft:sweet_berries":57,"minecraft:porkchop":9,"minecraft:spruce_sapling":1,"minecraft:ink_sac":1,"minecraft:spruce_log":12,"minecraft:mossy_cobblestone":1,"minecraft:stone_sword":1,"minecraft:arrow":2,"minecraft:rotten_flesh":1,"minecraft:stone_axe":1,"minecraft:oak_sapling":1,"minecraft:mutton":5,"minecraft:coal":45,"minecraft:white_wool":3,"minecraft:cobblestone":12},"minecraft:used":{"minecraft:stone_sword":5,"minecraft:stone_pickaxe":25,"minecraft:wooden_pickaxe":11,"minecraft:dirt":3,"minecraft:crafting_table":2,"minecraft:wooden_axe":27,"minecraft:stone_axe":14,"minecraft:sweet_berries":16,"minecraft:porkchop":2,"minecraft:furnace":2,"minecraft:cooked_porkchop":1,"minecraft:oak_boat":1},"minecraft:dropped":{"minecraft:furnace":1,"minecraft:stone_axe":1,"minecraft:wheat_seeds":1,"minecraft:stone_sword":1,"minecraft:cobblestone":2,"minecraft:oak_planks":41,"minecraft:leather":3,"minecraft:coal":8,"minecraft:red_mushroom":1,"minecraft:dirt":2,"minecraft:ink_sac":1,"minecraft:mutton":2,"minecraft:oak_sapling":1,"minecraft:arrow":2,"minecraft:bow":1,"minecraft:stone_pickaxe":1,"minecraft:beef":7,"minecraft:birch_log":2,"minecraft:bone":2}},"DataVersion":2724}