{"stats":{"minecraft:broken":{"minecraft:stone_pickaxe":3,"minecraft:wooden_axe":1},"minecraft:crafted":{"minecraft:oak_door":3,"minecraft:oak_planks":112,"minecraft:cobblestone_slab":144,"minecraft:stone_shovel":1,"minecraft:furnace":2,"minecraft:stone":9,"minecraft:cobblestone_stairs":44,"minecraft:bone_meal":3,"minecraft:spruce_fence":12,"minecraft:ladder":27,"minecraft:stone_pickaxe":3,"minecraft:chest":1,"minecraft:oak_fence":30,"minecraft:cooked_beef":8,"minecraft:red_dye":1,"minecraft:cooked_porkchop":2,"minecraft:crafting_table":2,"minecraft:spruce_planks":44,"minecraft:stone_axe":1,"minecraft:air":0,"minecraft:oak_fence_gate":2,"minecraft:yellow_dye":1,"minecraft:stick":124,"minecraft:iron_ingot":3,"minecraft:iron_pickaxe":1,"minecraft:wooden_axe":1,"minecraft:stone_sword":1,"minecraft:gray_carpet":3,"minecraft:torch":16},"minecraft:mined":{"minecraft:white_bed":3,"minecraft:mossy_cobblestone":1,"minecraft:oak_door":3,"minecraft:granite":2,"minecraft:grass_block":23,"minecraft:spruce_leaves":23,"minecraft:large_fern":4,"minecraft:furnace":4,"minecraft:iron_ore":2,"minecraft:andesite":18,"minecraft:pumpkin":1,"minecraft:cobblestone_slab":8,"minecraft:stone":353,"minecraft:dandelion":1,"minecraft:crafting_table":2,"minecraft:poppy":1,"minecraft:tall_grass":4,"minecraft:cobblestone":11,"minecraft:sugar_cane":5,"minecraft:wall_torch":3,"minecraft:sweet_berry_bush":13,"minecraft:ice":1,"minecraft:spruce_log":18,"minecraft:grass":13,"minecraft:coal_ore":67,"minecraft:oak_log":56,"minecraft:gravel":1,"minecraft:dirt":34,"minecraft:oak_leaves":9},"minecraft:custom":{"minecraft:mob_kills":24,"minecraft:interact_with_crafting_table":36,"minecraft:leave_game":1,"minecraft:time_since_death":112740,"minecraft:climb_one_cm":8998,"minecraft:sprint_one_cm":264229,"minecraft:walk_one_cm":286394,"minecraft:drop":58,"minecraft:play_time":112740,"minecraft:sneak_time":5858,"minecraft:walk_under_water_one_cm":835,"minecraft:boat_one_cm":237592,"minecraft:jump":1647,"minecraft:walk_on_water_one_cm":2290,"minecraft:total_world_time":112740,"minecraft:interact_with_furnace":23,"minecraft:sleep_in_bed":6,"minecraft:time_since_rest":3801,"minecraft:damage_taken":545,"minecraft:damage_dealt":2479,"minecraft:swim_one_cm":3887,"minecraft:fly_one_cm":279463,"minecraft:open_chest":9,"minecraft:crouch_one_cm":23523,"minecraft:fall_one_cm":39527,"minecraft:horse_one_cm":8956},"minecraft:killed":{"minecraft:skeleton":3,"minecraft:chicken":3,"minecraft:pig":7,"minecraft:creeper":1,"minecraft:sheep":5,"minecraft:zombie":1,"minecraft:cow":4},"minecraft:picked_up":{"minecraft:wooden_axe":1,"minecraft:crafting_table":4,"minecraft:chicken":3,"minecraft:wooden_pickaxe":1,"minecraft:beef":15,"minecraft:oak_boat":5,"minecraft:cobblestone_slab":8,"minecraft:poppy":1,"minecraft:light_gray_wool":1,"minecraft:sugar_cane":12,"minecraft:furnace":6,"minecraft:raw_iron":5,"minecraft:oak_door":3,"minecraft:torch":3,"minecraft:porkchop":19,"minecraft:white_dye":2,"minecraft:stone_sword":1,"minecraft:arrow":3,"minecraft:rotten_flesh":1,"minecraft:mutton":10,"minecraft:white_wool":6,"minecraft:cobblestone":369,"minecraft:birch_log":2,"minecraft:feather":3,"minecraft:cooked_beef":3,"minecraft:andesite":18,"minecraft:leather":5,"minecraft:red_mushroom":1,"minecraft:oak_log":56,"minecraft:dirt":56,"minecraft:cooked_mutton":2,"minecraft:bone":8,"minecraft:bow":1,"minecraft:wheat_seeds":4,"minecraft:stone_pickaxe":2,"minecraft:oak_planks":41,"minecraft:cooked_porkchop":7,"minecraft:pumpkin":2,"minecraft:sweet_berries":57,"minecraft:dandelion":1,"minecraft:gravel":1,"minecraft:spruce_sapling":1,"minecraft:ink_sac":1,"minecraft:white_bed":3,"minecraft:spruce_log":18,"minecraft:mossy_cobblestone":1,"minecraft:stone_axe":1,"minecraft:granite":3,"minecraft:gray_wool":2,"minecraft:oak_sapling":3,"minecraft:coal":90},"minecraft:used":{"minecraft:oak_fence":18,"minecraft:stone_sword":33,"minecraft:stone_shovel":52,"minecraft:ladder":27,"minecraft:chest":1,"minecraft:stone":9,"minecraft:oak_door":5,"minecraft:torch":17,"minecraft:dirt":7,"minecraft:spruce_fence":12,"minecraft:oak_fence_gate":2,"minecraft:wooden_axe":27,"minecraft:light_gray_wool":1,"minecraft:sweet_berries":42,"minecraft:furnace":6,"minecraft:cooked_mutton":2,"minecraft:cobblestone_stairs":44,"minecraft:stone_pickaxe":393,"minecraft:gray_carpet":1,"minecraft:wooden_pickaxe":24,"minecraft:cobblestone_slab":133,"minecraft:crafting_table":5,"minecraft:white_bed":3,"minecraft:oak_log":43,"minecraft:iron_pickaxe":50,"minecraft:gravel":1,"minecraft:stone_axe":80,"minecraft:cobblestone":231,"minecraft:cooked_porkchop":4,"minecraft:porkchop":2,"minecraft:oak_boat":4,"minecraft:bone_meal":3},"minecraft:dropped":{"minecraft:wheat_seeds":2,"minecraft:mossy_cobblestone":1,"minecraft:cobblestone":30,"minecraft:leather":3,"minecraft:coal":8,"minecraft:red_mushroom":1,"minecraft:dirt":2,"minecraft:ink_sac":1,"minecraft:mutton":2,"minecraft:red_dye":1,"minecraft:birch_log":2,"minecraft:white_wool":3,"minecraft:spruce_sapling":1,"minecraft:bone":2,"minecraft:furnace":2,"minecraft:stone_axe":1,"minecraft:stone_sword":1,"minecraft:raw_iron":2,"minecraft:oak_planks":41,"minecraft:oak_sapling":1,"minecraft:white_dye":2,"minecraft:bow":1,"minecraft:arrow":2,"minecraft:beef":7,"minecraft:stone_pickaxe":2}},"DataVersion":2724}