{"stats":{"minecraft:broken":{"minecraft:wooden_axe":1},"minecraft:crafted":{"minecraft:oak_planks":24,"minecraft:stick":4},"minecraft:mined":{"minecraft:grass":3,"minecraft:oak_log":6,"minecraft:grass_block":2,"minecraft:dirt":2,"minecraft:oak_leaves":4},"minecraft:custom":{"minecraft:time_since_rest":16740,"minecraft:sprint_one_cm":17137,"minecraft:walk_one_cm":12570,"minecraft:damage_taken":155,"minecraft:mob_kills":4,"minecraft:drop":18,"minecraft:damage_dealt":548,"minecraft:interact_with_crafting_table":1,"minecraft:fly_one_cm":20187,"minecraft:crouch_one_cm":70,"minecraft:play_time":16740,"minecraft:sneak_time":16,"minecraft:jump":141,"minecraft:leave_game":1,"minecraft:time_since_death":16740,"minecraft:total_world_time":16740,"minecraft:fall_one_cm":2479},"minecraft:killed":{"minecraft:skeleton":1,"minecraft:pig":2,"minecraft:creeper":1},"minecraft:picked_up":{"minecraft:wooden_axe":1,"minecraft:birch_log":2,"minecraft:crafting_table":1,"minecraft:leather":3,"minecraft:wooden_pickaxe":1,"minecraft:porkchop":4,"minecraft:oak_log":6,"minecraft:ink_sac":1,"minecraft:dirt":5,"minecraft:stone_sword":1,"minecraft:bone":5,"minecraft:arrow":2,"minecraft:rotten_flesh":1,"minecraft:bow":1,"minecraft:stone_axe":1,"minecraft:wheat_seeds":1,"minecraft:beef":7,"minecraft:stone_pickaxe":1,"minecraft:oak_sapling":1,"minecraft:mutton":2,"minecraft:oak_planks":41,"minecraft:coal":8,"minecraft:cobblestone":2,"minecraft:furnace":1},"minecraft:used":{"minecraft:wooden_axe":12,"minecraft:dirt":3,"minecraft:crafting_table":1,"minecraft:porkchop":2},"minecraft:dropped":{"minecraft:furnace":1,"minecraft:dirt":2,"minecraft:stone_axe":1,"minecraft:wheat_seeds":1,"minecraft:ink_sac":1,"minecraft:stone_sword":1,"minecraft:mutton":2,"minecraft:oak_sapling":1,"minecraft:cobblestone":2,"minecraft:oak_planks":41,"minecraft:leather":3,"minecraft:bow":1,"minecraft:arrow":2,"minecraft:beef":7,"minecraft:stone_pickaxe":1,"minecraft:birch_log":2,"minecraft:coal":8,"minecraft:bone":1}},"DataVersion":2724}