{"stats":{"minecraft:broken":{"minecraft:wooden_axe":1},"minecraft:crafted":{"minecraft:oak_planks":24,"minecraft:stone_shovel":1,"minecraft:cooked_porkchop":2,"minecraft:crafting_table":1,"minecraft:stone_axe":1,"minecraft:air":0,"minecraft:yellow_dye":1,"minecraft:stick":12,"minecraft:stone_pickaxe":1,"minecraft:wooden_axe":1,"minecraft:stone_sword":1},"minecraft:mined":{"minecraft:white_bed":1,"minecraft:dandelion":1,"minecraft:crafting_table":2,"minecraft:granite":2,"minecraft:grass_block":10,"minecraft:spruce_leaves":23,"minecraft:sugar_cane":5,"minecraft:wall_torch":3,"minecraft:large_fern":4,"minecraft:furnace":4,"minecraft:sweet_berry_bush":13,"minecraft:spruce_log":18,"minecraft:pumpkin":1,"minecraft:grass":4,"minecraft:oak_log":19,"minecraft:coal_ore":63,"minecraft:gravel":1,"minecraft:dirt":23,"minecraft:stone":53,"minecraft:oak_leaves":5},"minecraft:custom":{"minecraft:interact_with_furnace":11,"minecraft:mob_kills":11,"minecraft:interact_with_crafting_table":3,"minecraft:leave_game":1,"minecraft:time_since_death":52740,"minecraft:sleep_in_bed":2,"minecraft:time_since_rest":4418,"minecraft:sprint_one_cm":94724,"minecraft:damage_taken":295,"minecraft:walk_one_cm":98158,"minecraft:drop":21,"minecraft:damage_dealt":1269,"minecraft:swim_one_cm":3573,"minecraft:fly_one_cm":134327,"minecraft:crouch_one_cm":277,"minecraft:play_time":52740,"minecraft:sneak_time":111,"minecraft:walk_under_water_one_cm":64,"minecraft:boat_one_cm":237592,"minecraft:jump":842,"minecraft:walk_on_water_one_cm":2019,"minecraft:total_world_time":52740,"minecraft:fall_one_cm":20216,"minecraft:horse_one_cm":1234},"minecraft:killed":{"minecraft:pig":2,"minecraft:creeper":1,"minecraft:sheep":2,"minecraft:skeleton":2,"minecraft:zombie":1,"minecraft:cow":3},"minecraft:picked_up":{"minecraft:wooden_axe":1,"minecraft:birch_log":2,"minecraft:crafting_table":4,"minecraft:cooked_beef":3,"minecraft:leather":3,"minecraft:wooden_pickaxe":1,"minecraft:red_mushroom":1,"minecraft:oak_log":19,"minecraft:dirt":33,"minecraft:cooked_mutton":2,"minecraft:bone":6,"minecraft:bow":1,"minecraft:wheat_seeds":2,"minecraft:beef":12,"minecraft:stone_pickaxe":1,"minecraft:oak_boat":5,"minecraft:light_gray_wool":1,"minecraft:sugar_cane":12,"minecraft:oak_planks":41,"minecraft:furnace":6,"minecraft:cooked_porkchop":7,"minecraft:pumpkin":2,"minecraft:sweet_berries":57,"minecraft:torch":3,"minecraft:dandelion":1,"minecraft:gravel":1,"minecraft:porkchop":9,"minecraft:spruce_sapling":1,"minecraft:ink_sac":1,"minecraft:white_bed":1,"minecraft:spruce_log":18,"minecraft:mossy_cobblestone":1,"minecraft:stone_sword":1,"minecraft:arrow":2,"minecraft:rotten_flesh":1,"minecraft:stone_axe":1,"minecraft:granite":3,"minecraft:oak_sapling":1,"minecraft:mutton":5,"minecraft:coal":86,"minecraft:white_wool":3,"minecraft:cobblestone":54},"minecraft:used":{"minecraft:stone_sword":10,"minecraft:stone_shovel":28,"minecraft:stone_pickaxe":111,"minecraft:wooden_pickaxe":11,"minecraft:dirt":7,"minecraft:crafting_table":3,"minecraft:white_bed":1,"minecraft:wooden_axe":27,"minecraft:gravel":1,"minecraft:stone_axe":25,"minecraft:light_gray_wool":1,"minecraft:sweet_berries":34,"minecraft:porkchop":2,"minecraft:furnace":4,"minecraft:cooked_porkchop":1,"minecraft:oak_boat":4},"minecraft:dropped":{"minecraft:furnace":1,"minecraft:stone_axe":1,"minecraft:wheat_seeds":1,"minecraft:stone_sword":1,"minecraft:cobblestone":2,"minecraft:oak_planks":41,"minecraft:leather":3,"minecraft:coal":8,"minecraft:red_mushroom":1,"minecraft:dirt":2,"minecraft:ink_sac":1,"minecraft:mutton":2,"minecraft:oak_sapling":1,"minecraft:arrow":2,"minecraft:bow":1,"minecraft:stone_pickaxe":1,"minecraft:beef":7,"minecraft:birch_log":2,"minecraft:white_wool":3,"minecraft:bone":2}},"DataVersion":2724}