{"stats":{"minecraft:crafted":{"minecraft:oak_door":3,"minecraft:smooth_stone":3,"minecraft:oak_planks":416,"minecraft:stone_shovel":1,"minecraft:cobblestone_slab":164,"minecraft:oak_sign":3,"minecraft:iron_nugget":180,"minecraft:chain":9,"minecraft:furnace":6,"minecraft:blast_furnace":1,"minecraft:cobblestone_stairs":44,"minecraft:stone":174,"minecraft:lever":2,"minecraft:bone_meal":3,"minecraft:spruce_fence":12,"minecraft:cooked_mutton":3,"minecraft:oak_trapdoor":2,"minecraft:glass_pane":160,"minecraft:lantern":20,"minecraft:stone_brick_slab":6,"minecraft:spruce_stairs":120,"minecraft:iron_boots":2,"minecraft:iron_axe":2,"minecraft:ladder":54,"minecraft:spruce_slab":78,"minecraft:stone_pickaxe":3,"minecraft:chest":9,"minecraft:spruce_boat":1,"minecraft:chiseled_stone_bricks":4,"minecraft:stone_bricks":92,"minecraft:oak_fence":30,"minecraft:smoker":1,"minecraft:cooked_beef":22,"minecraft:red_dye":1,"minecraft:item_frame":2,"minecraft:cooked_porkchop":12,"minecraft:crafting_table":5,"minecraft:spruce_planks":72,"minecraft:iron_helmet":2,"minecraft:iron_sword":1,"minecraft:bucket":1,"minecraft:stone_axe":1,"minecraft:air":0,"minecraft:oak_fence_gate":2,"minecraft:oak_boat":1,"minecraft:spruce_trapdoor":4,"minecraft:iron_chestplate":2,"minecraft:yellow_dye":1,"minecraft:stick":268,"minecraft:iron_ingot":131,"minecraft:oak_stairs":20,"minecraft:iron_pickaxe":3,"minecraft:wooden_axe":1,"minecraft:iron_block":1,"minecraft:stone_sword":1,"minecraft:iron_shovel":1,"minecraft:iron_leggings":2,"minecraft:stonecutter":1,"minecraft:anvil":1,"minecraft:white_bed":1,"minecraft:gray_carpet":3,"minecraft:torch":176},"minecraft:broken":{"minecraft:stone_pickaxe":3,"minecraft:iron_pickaxe":2,"minecraft:wooden_axe":1},"minecraft:dropped":{"minecraft:golden_boots":1,"minecraft:wheat_seeds":3,"minecraft:cooked_beef":29,"minecraft:mossy_cobblestone":1,"minecraft:oak_fence":5,"minecraft:cobblestone":30,"minecraft:leather":3,"minecraft:coal":8,"minecraft:red_mushroom":1,"minecraft:dirt":2,"minecraft:ink_sac":1,"minecraft:torch":28,"minecraft:mutton":2,"minecraft:iron_axe":1,"minecraft:red_dye":1,"minecraft:string":1,"minecraft:birch_log":2,"minecraft:white_wool":3,"minecraft:spruce_sapling":1,"minecraft:dandelion":2,"minecraft:bone":2,"minecraft:furnace":2,"minecraft:stone_axe":1,"minecraft:stone_sword":1,"minecraft:raw_iron":2,"minecraft:rotten_flesh":9,"minecraft:oak_planks":125,"minecraft:glass_pane":55,"minecraft:leather_chestplate":1,"minecraft:leather_boots":1,"minecraft:oak_sapling":2,"minecraft:spider_eye":1,"minecraft:spruce_slab":15,"minecraft:white_dye":2,"minecraft:bow":1,"minecraft:arrow":2,"minecraft:beef":7,"minecraft:stone_pickaxe":2,"minecraft:egg":1},"minecraft:killed":{"minecraft:witch":1,"minecraft:spider":6,"minecraft:skeleton":27,"minecraft:chicken":3,"minecraft:pig":11,"minecraft:wandering_trader":1,"minecraft:creeper":2,"minecraft:sheep":5,"minecraft:pillager":2,"minecraft:zombie":21,"minecraft:enderman":3,"minecraft:cow":5},"minecraft:custom":{"minecraft:interact_with_anvil":2,"minecraft:mob_kills":87,"minecraft:interact_with_crafting_table":110,"minecraft:bell_ring":1,"minecraft:leave_game":8,"minecraft:time_since_death":468552,"minecraft:climb_one_cm":39156,"minecraft:sprint_one_cm":1167533,"minecraft:walk_one_cm":1102651,"minecraft:damage_blocked_by_shield":515,"minecraft:drop":106,"minecraft:talked_to_villager":3,"minecraft:play_time":468552,"minecraft:sneak_time":22607,"minecraft:walk_under_water_one_cm":3184,"minecraft:boat_one_cm":294014,"minecraft:jump":5820,"minecraft:interact_with_blast_furnace":19,"minecraft:walk_on_water_one_cm":13252,"minecraft:total_world_time":468552,"minecraft:interact_with_furnace":97,"minecraft:interact_with_stonecutter":8,"minecraft:sleep_in_bed":19,"minecraft:time_since_rest":39437,"minecraft:damage_taken":2765,"minecraft:damage_dealt":13576,"minecraft:swim_one_cm":6312,"minecraft:fly_one_cm":1060605,"minecraft:open_chest":267,"minecraft:crouch_one_cm":84049,"minecraft:interact_with_smoker":7,"minecraft:fall_one_cm":130950,"minecraft:horse_one_cm":34299},"minecraft:used":{"minecraft:oak_trapdoor":2,"minecraft:oak_fence":29,"minecraft:iron_shovel":57,"minecraft:stone_sword":33,"minecraft:spruce_slab":147,"minecraft:stone_shovel":131,"minecraft:ladder":42,"minecraft:oak_sign":4,"minecraft:chest":13,"minecraft:spruce_planks":1,"minecraft:shield":15,"minecraft:iron_sword":225,"minecraft:stone":9,"minecraft:oak_door":9,"minecraft:torch":147,"minecraft:dirt":657,"minecraft:anvil":1,"minecraft:spruce_stairs":134,"minecraft:spruce_fence":12,"minecraft:oak_fence_gate":2,"minecraft:spruce_boat":1,"minecraft:wooden_axe":27,"minecraft:stone_brick_slab":6,"minecraft:lantern":23,"minecraft:iron_axe":144,"minecraft:oak_stairs":18,"minecraft:stone_bricks":111,"minecraft:item_frame":4,"minecraft:light_gray_wool":1,"minecraft:bow":12,"minecraft:sweet_berries":63,"minecraft:furnace":11,"minecraft:egg":17,"minecraft:cooked_beef":7,"minecraft:pumpkin":5,"minecraft:cooked_mutton":7,"minecraft:water_bucket":25,"minecraft:cobblestone_stairs":44,"minecraft:oak_planks":21,"minecraft:stone_pickaxe":426,"minecraft:gray_carpet":1,"minecraft:ender_pearl":1,"minecraft:wooden_pickaxe":24,"minecraft:leather_chestplate":1,"minecraft:sugar_cane":103,"minecraft:cobblestone_slab":161,"minecraft:leather_boots":1,"minecraft:stonecutter":2,"minecraft:mossy_cobblestone":2,"minecraft:golden_hoe":11,"minecraft:sand":179,"minecraft:crafting_table":11,"minecraft:blast_furnace":4,"minecraft:white_bed":5,"minecraft:painting":1,"minecraft:smoker":3,"minecraft:oak_log":214,"minecraft:lever":2,"minecraft:iron_pickaxe":680,"minecraft:spruce_trapdoor":5,"minecraft:gravel":1,"minecraft:chiseled_stone_bricks":4,"minecraft:stone_axe":121,"minecraft:cobblestone":711,"minecraft:porkchop":2,"minecraft:white_banner":3,"minecraft:cooked_porkchop":33,"minecraft:bucket":26,"minecraft:chain":12,"minecraft:glass_pane":105,"minecraft:oak_boat":7,"minecraft:bone_meal":3},"minecraft:picked_up":{"minecraft:wooden_axe":2,"minecraft:crafting_table":9,"minecraft:chicken":6,"minecraft:ladder":40,"minecraft:lead":12,"minecraft:wooden_pickaxe":2,"minecraft:oak_stairs":1,"minecraft:chain":5,"minecraft:brewing_stand":1,"minecraft:shield":2,"minecraft:string":3,"minecraft:item_frame":2,"minecraft:oak_sign":3,"minecraft:cartography_table":1,"minecraft:spruce_planks":1,"minecraft:beef":18,"minecraft:oak_boat":9,"minecraft:cobblestone_slab":35,"minecraft:poppy":1,"minecraft:light_gray_wool":1,"minecraft:spruce_slab":37,"minecraft:sugar_cane":103,"minecraft:chest":4,"minecraft:spruce_trapdoor":5,"minecraft:furnace":9,"minecraft:egg":22,"minecraft:stick":15,"minecraft:raw_iron":135,"minecraft:oak_door":8,"minecraft:oak_fence":19,"minecraft:torch":28,"minecraft:spruce_stairs":19,"minecraft:spruce_fence":11,"minecraft:porkchop":28,"minecraft:white_dye":2,"minecraft:redstone":2,"minecraft:stone_sword":2,"minecraft:arrow":29,"minecraft:stone_shovel":3,"minecraft:rotten_flesh":26,"minecraft:hay_block":10,"minecraft:iron_block":2,"minecraft:saddle":1,"minecraft:mutton":10,"minecraft:white_wool":6,"minecraft:cobblestone":731,"minecraft:stripped_oak_log":2,"minecraft:birch_log":2,"minecraft:magma_block":1,"minecraft:leather_chestplate":1,"minecraft:feather":3,"minecraft:cooked_beef":3,"minecraft:andesite":40,"minecraft:leather":6,"minecraft:smoker":2,"minecraft:red_mushroom":1,"minecraft:oak_log":125,"minecraft:yellow_bed":2,"minecraft:gunpowder":6,"minecraft:dirt":306,"minecraft:lantern":3,"minecraft:white_banner":3,"minecraft:leather_boots":1,"minecraft:cooked_mutton":6,"minecraft:bone":61,"minecraft:stone_bricks":1,"minecraft:bow":5,"minecraft:stonecutter":1,"minecraft:wheat_seeds":8,"minecraft:bell":2,"minecraft:iron_ingot":73,"minecraft:stone_pickaxe":4,"minecraft:glass_bottle":2,"minecraft:glowstone_dust":4,"minecraft:iron_sword":1,"minecraft:oak_planks":42,"minecraft:cooked_porkchop":7,"minecraft:pumpkin":9,"minecraft:sweet_berries":69,"minecraft:dandelion":6,"minecraft:gravel":11,"minecraft:sand":29,"minecraft:spruce_sapling":3,"minecraft:blast_furnace":3,"minecraft:ink_sac":1,"minecraft:white_bed":4,"minecraft:spruce_log":18,"minecraft:grass_block":3,"minecraft:spider_eye":2,"minecraft:mossy_cobblestone":8,"minecraft:spruce_boat":2,"minecraft:stone_axe":2,"minecraft:lever":2,"minecraft:granite":6,"minecraft:gray_wool":2,"minecraft:oak_sapling":8,"minecraft:netherrack":2,"minecraft:coal":231,"minecraft:ender_pearl":5},"minecraft:mined":{"minecraft:spruce_planks":2,"minecraft:white_bed":4,"minecraft:mossy_cobblestone":8,"minecraft:oak_door":8,"minecraft:brewing_stand":1,"minecraft:lever":2,"minecraft:spruce_trapdoor":5,"minecraft:ladder":14,"minecraft:granite":2,"minecraft:spruce_fence":11,"minecraft:grass_block":54,"minecraft:spruce_leaves":23,"minecraft:cartography_table":1,"minecraft:oak_wall_sign":3,"minecraft:hay_block":9,"minecraft:large_fern":4,"minecraft:magma_block":1,"minecraft:furnace":7,"minecraft:iron_ore":134,"minecraft:andesite":19,"minecraft:pumpkin":6,"minecraft:bell":2,"minecraft:cobblestone_slab":19,"minecraft:stripped_oak_log":2,"minecraft:stone":513,"minecraft:spruce_slab":16,"minecraft:glass_pane":4,"minecraft:smoker":2,"minecraft:dandelion":1,"minecraft:oak_fence":13,"minecraft:crafting_table":7,"minecraft:torch":5,"minecraft:blast_furnace":3,"minecraft:poppy":1,"minecraft:chest":4,"minecraft:tall_grass":4,"minecraft:cobblestone":247,"minecraft:oak_planks":2,"minecraft:sugar_cane":53,"minecraft:wall_torch":18,"minecraft:spruce_stairs":19,"minecraft:chain":5,"minecraft:sweet_berry_bush":17,"minecraft:ice":1,"minecraft:yellow_bed":2,"minecraft:spruce_log":18,"minecraft:white_wall_banner":2,"minecraft:grass":23,"minecraft:coal_ore":153,"minecraft:oak_log":120,"minecraft:gravel":2,"minecraft:sand":29,"minecraft:dirt":128,"minecraft:stonecutter":1,"minecraft:stone_bricks":1,"minecraft:netherrack":2,"minecraft:oak_leaves":22,"minecraft:infested_stone":1}},"DataVersion":2724}