{"stats":{"minecraft:mined":{"minecraft:grass":1,"minecraft:grass_block":1,"minecraft:dirt":2},"minecraft:custom":{"minecraft:jump":74,"minecraft:time_since_rest":11622,"minecraft:damage_dealt":200,"minecraft:crouch_one_cm":55,"minecraft:sprint_one_cm":5990,"minecraft:play_time":11622,"minecraft:time_since_death":11622,"minecraft:walk_one_cm":5689,"minecraft:sneak_time":6,"minecraft:total_world_time":11622,"minecraft:mob_kills":2,"minecraft:fall_one_cm":1316,"minecraft:fly_one_cm":10282},"minecraft:picked_up":{"minecraft:porkchop":4,"minecraft:dirt":3},"minecraft:killed":{"minecraft:pig":2},"minecraft:used":{"minecraft:dirt":1}},"DataVersion":2724}