{"stats":{"minecraft:broken":{"minecraft:wooden_axe":1},"minecraft:crafted":{"minecraft:oak_planks":24,"minecraft:stone_shovel":1,"minecraft:cooked_porkchop":2,"minecraft:crafting_table":1,"minecraft:stone_axe":1,"minecraft:air":0,"minecraft:yellow_dye":1,"minecraft:stick":12,"minecraft:stone_pickaxe":1,"minecraft:wooden_axe":1,"minecraft:stone_sword":1},"minecraft:mined":{"minecraft:white_bed":1,"minecraft:dandelion":1,"minecraft:crafting_table":2,"minecraft:granite":2,"minecraft:grass_block":10,"minecraft:spruce_leaves":23,"minecraft:sugar_cane":4,"minecraft:wall_torch":3,"minecraft:large_fern":4,"minecraft:furnace":3,"minecraft:sweet_berry_bush":13,"minecraft:spruce_log":18,"minecraft:pumpkin":1,"minecraft:grass":4,"minecraft:oak_log":19,"minecraft:coal_ore":24,"minecraft:gravel":1,"minecraft:dirt":23,"minecraft:stone":28,"minecraft:oak_leaves":5},"minecraft:custom":{"minecraft:interact_with_furnace":8,"minecraft:mob_kills":7,"minecraft:interact_with_crafting_table":3,"minecraft:leave_game":1,"minecraft:time_since_death":40740,"minecraft:sleep_in_bed":1,"minecraft:time_since_rest":8651,"minecraft:sprint_one_cm":74733,"minecraft:damage_taken":225,"minecraft:walk_one_cm":82680,"minecraft:drop":21,"minecraft:damage_dealt":803,"minecraft:swim_one_cm":3573,"minecraft:fly_one_cm":100311,"minecraft:crouch_one_cm":277,"minecraft:play_time":40740,"minecraft:sneak_time":106,"minecraft:walk_under_water_one_cm":64,"minecraft:boat_one_cm":98545,"minecraft:jump":623,"minecraft:walk_on_water_one_cm":1817,"minecraft:total_world_time":40740,"minecraft:fall_one_cm":13401},"minecraft:killed":{"minecraft:pig":2,"minecraft:creeper":1,"minecraft:sheep":2,"minecraft:skeleton":2},"minecraft:picked_up":{"minecraft:wooden_axe":1,"minecraft:birch_log":2,"minecraft:crafting_table":4,"minecraft:cooked_beef":3,"minecraft:leather":3,"minecraft:wooden_pickaxe":1,"minecraft:red_mushroom":1,"minecraft:oak_log":19,"minecraft:dirt":33,"minecraft:bone":6,"minecraft:bow":1,"minecraft:wheat_seeds":2,"minecraft:beef":7,"minecraft:stone_pickaxe":1,"minecraft:oak_boat":3,"minecraft:light_gray_wool":1,"minecraft:sugar_cane":11,"minecraft:oak_planks":41,"minecraft:furnace":5,"minecraft:cooked_porkchop":7,"minecraft:pumpkin":2,"minecraft:sweet_berries":57,"minecraft:torch":3,"minecraft:dandelion":1,"minecraft:gravel":1,"minecraft:porkchop":9,"minecraft:spruce_sapling":1,"minecraft:ink_sac":1,"minecraft:white_bed":1,"minecraft:spruce_log":18,"minecraft:mossy_cobblestone":1,"minecraft:stone_sword":1,"minecraft:arrow":2,"minecraft:rotten_flesh":1,"minecraft:stone_axe":1,"minecraft:granite":2,"minecraft:oak_sapling":1,"minecraft:mutton":5,"minecraft:coal":47,"minecraft:white_wool":3,"minecraft:cobblestone":29},"minecraft:used":{"minecraft:stone_sword":5,"minecraft:stone_shovel":28,"minecraft:stone_pickaxe":46,"minecraft:wooden_pickaxe":11,"minecraft:dirt":7,"minecraft:crafting_table":3,"minecraft:white_bed":1,"minecraft:wooden_axe":27,"minecraft:gravel":1,"minecraft:stone_axe":22,"minecraft:light_gray_wool":1,"minecraft:sweet_berries":22,"minecraft:porkchop":2,"minecraft:furnace":3,"minecraft:cooked_porkchop":1,"minecraft:oak_boat":2},"minecraft:dropped":{"minecraft:furnace":1,"minecraft:stone_axe":1,"minecraft:wheat_seeds":1,"minecraft:stone_sword":1,"minecraft:cobblestone":2,"minecraft:oak_planks":41,"minecraft:leather":3,"minecraft:coal":8,"minecraft:red_mushroom":1,"minecraft:dirt":2,"minecraft:ink_sac":1,"minecraft:mutton":2,"minecraft:oak_sapling":1,"minecraft:arrow":2,"minecraft:bow":1,"minecraft:stone_pickaxe":1,"minecraft:beef":7,"minecraft:birch_log":2,"minecraft:white_wool":3,"minecraft:bone":2}},"DataVersion":2724}